num__ApplicantIncome,num__CoapplicantIncome,num__LoanAmount,num__Loan_Amount_Term,num__Credit_History,cat__Gender_Female,cat__Gender_Male,cat__Married_No,cat__Married_Yes,cat__Dependents_0,cat__Dependents_1,cat__Dependents_2,cat__Dependents_3+,cat__Education_Graduate,cat__Education_Not Graduate,cat__Self_Employed_No,cat__Self_Employed_Yes,cat__Property_Area_Rural,cat__Property_Area_Semiurban,cat__Property_Area_Urban
-0.3528020005260067,-0.5632281059850605,-1.131588492380916,0.28069138826167456,0.39751587128632765,0.0,1.0,1.0,0.0,1.0,0.0,0.0,0.0,1.0,0.0,1.0,0.0,0.0,0.0,1.0
-0.3433464024197133,-0.5632281059850605,-0.5923093226951952,0.28069138826167456,0.39751587128632765,0.0,1.0,0.0,1.0,0.0,1.0,0.0,0.0,1.0,0.0,1.0,0.0,0.0,1.0,0.0
-0.33947115729418326,0.05040501959997446,0.040757528674998794,0.28069138826167456,-2.5156228272448207,0.0,1.0,0.0,1.0,0.0,0.0,1.0,0.0,1.0,0.0,1.0,0.0,1.0,0.0,0.0
-0.44596289334374944,-0.024953434419240354,-0.39301049911568975,-2.4867678815472076,-2.5156228272448207,0.0,1.0,0.0,1.0,0.0,1.0,0.0,0.0,0.0,1.0,1.0,0.0,1.0,0.0,0.0
-0.45107821690944916,0.23449495727548494,0.040757528674998794,0.28069138826167456,0.39751587128632765,0.0,1.0,0.0,1.0,1.0,0.0,0.0,0.0,1.0,0.0,1.0,0.0,0.0,1.0,0.0
-0.5665605216502451,0.10961523347221468,-0.5805858624846361,0.28069138826167456,0.39751587128632765,0.0,1.0,0.0,1.0,0.0,0.0,1.0,0.0,0.0,1.0,0.0,1.0,0.0,1.0,0.0
-0.3921744910013922,0.6626027460608339,-1.0612477311175612,-2.4867678815472076,0.39751587128632765,0.0,1.0,0.0,1.0,1.0,0.0,0.0,0.0,1.0,0.0,1.0,0.0,0.0,1.0,0.0
-0.4878155406994742,0.20399272588675513,-1.037800810696443,0.28069138826167456,0.39751587128632765,0.0,1.0,0.0,1.0,1.0,0.0,0.0,0.0,1.0,0.0,1.0,0.0,1.0,0.0,0.0
0.2962240530977687,-0.5632281059850605,0.5565897779396014,0.28069138826167456,0.39751587128632765,1.0,0.0,1.0,0.0,1.0,0.0,0.0,0.0,1.0,0.0,0.0,1.0,1.0,0.0,0.0
-0.1467939696528284,1.455301912386765,1.2717208507837094,0.28069138826167456,0.39751587128632765,0.0,1.0,0.0,1.0,1.0,0.0,0.0,0.0,1.0,0.0,1.0,0.0,0.0,1.0,0.0
4.989610929529742,-0.5632281059850605,0.0642044490961171,0.28069138826167456,0.39751587128632765,0.0,1.0,1.0,0.0,0.0,1.0,0.0,0.0,1.0,0.0,1.0,0.0,0.0,1.0,0.0
1.2586799324744158,-0.5632281059850605,-0.2171585959573025,0.28069138826167456,0.39751587128632765,0.0,1.0,0.0,1.0,1.0,0.0,0.0,0.0,1.0,0.0,1.0,0.0,0.0,0.0,1.0
-0.41139570682402127,-0.0034224475566075503,-0.6626500839585502,0.28069138826167456,0.39751587128632765,1.0,0.0,1.0,0.0,0.0,1.0,0.0,0.0,1.0,0.0,1.0,0.0,0.0,0.0,1.0
-0.27591713723549016,1.1413083539733697,0.3455674941495367,0.28069138826167456,0.39751587128632765,0.0,1.0,1.0,0.0,1.0,0.0,0.0,0.0,1.0,0.0,1.0,0.0,0.0,0.0,1.0
-0.4568135796952337,0.2728918838471801,-0.25232897658897996,0.28069138826167456,0.39751587128632765,0.0,1.0,0.0,1.0,0.0,0.0,1.0,0.0,1.0,0.0,1.0,0.0,1.0,0.0,0.0
0.07285492406221572,0.24418390136366971,1.388955452889301,0.28069138826167456,0.39751587128632765,0.0,1.0,0.0,1.0,1.0,0.0,0.0,0.0,1.0,0.0,1.0,0.0,0.0,1.0,0.0
-0.2114330583466699,2.0240788153413147,0.43935517583400985,0.28069138826167456,0.39751587128632765,0.0,1.0,1.0,0.0,1.0,0.0,0.0,0.0,1.0,0.0,1.0,0.0,0.0,0.0,1.0
0.27948299415547884,-0.5632281059850605,-0.3109462776417757,0.28069138826167456,0.39751587128632765,0.0,1.0,1.0,0.0,1.0,0.0,0.0,0.0,0.0,1.0,1.0,0.0,1.0,0.0,0.0
-0.18554642090812906,0.08664884748540636,0.1579921307805903,0.28069138826167456,-2.5156228272448207,0.0,1.0,0.0,1.0,0.0,0.0,0.0,1.0,1.0,0.0,1.0,0.0,0.0,0.0,1.0
-0.19252186213408318,0.6076987295611203,-0.15854129490450675,-2.4867678815472076,0.39751587128632765,0.0,1.0,0.0,1.0,0.0,0.0,1.0,0.0,0.0,1.0,1.0,0.0,0.0,0.0,1.0
-0.23716468598018953,2.21785769710501,1.6820419581532797,0.28069138826167456,0.39751587128632765,0.0,1.0,0.0,1.0,0.0,0.0,0.0,1.0,1.0,0.0,1.0,0.0,0.0,1.0,0.0
-0.1294328714904537,-0.5632281059850605,-0.5923093226951952,0.28069138826167456,0.39751587128632765,0.0,1.0,0.0,1.0,1.0,0.0,0.0,0.0,0.0,1.0,0.0,1.0,0.0,0.0,1.0
-0.5402088547966407,0.017749689524981373,-0.5336920216423995,0.28069138826167456,0.39751587128632765,0.0,1.0,0.0,1.0,0.0,0.0,1.0,0.0,1.0,0.0,1.0,0.0,1.0,0.0,0.0
0.6928941441470262,-0.5632281059850605,0.09937482972779454,0.28069138826167456,0.39751587128632765,0.0,1.0,0.0,1.0,0.0,1.0,0.0,0.0,1.0,0.0,0.0,1.0,1.0,0.0,0.0
-0.31466958849079085,-0.17459379311453835,-0.13509437448338846,0.28069138826167456,0.39751587128632765,0.0,1.0,0.0,1.0,0.0,1.0,0.0,0.0,0.0,1.0,1.0,0.0,0.0,0.0,1.0
0.005890688293056186,0.20542812501093066,0.33384403393897755,0.28069138826167456,0.39751587128632765,0.0,1.0,0.0,1.0,1.0,0.0,0.0,0.0,1.0,0.0,1.0,0.0,1.0,0.0,0.0
0.08572073787897554,0.9618834634514297,2.1509803665756455,0.28069138826167456,0.39751587128632765,0.0,1.0,0.0,1.0,0.0,1.0,0.0,0.0,1.0,0.0,1.0,0.0,0.0,0.0,1.0
0.03348243358683025,-0.5632281059850605,-0.0295832325883561,-3.9627461587786112,0.39751587128632765,0.0,1.0,0.0,1.0,0.0,0.0,1.0,0.0,1.0,0.0,0.0,1.0,1.0,0.0,0.0
-0.300253676623819,0.9676250599481319,-0.1702647551150659,-2.4867678815472076,-2.5156228272448207,0.0,1.0,0.0,1.0,1.0,0.0,0.0,0.0,1.0,0.0,1.0,0.0,1.0,0.0,0.0
-0.3662878535628513,0.8721710181904597,0.39246133499177327,-0.6417950350079528,-2.5156228272448207,0.0,1.0,0.0,1.0,0.0,0.0,0.0,1.0,1.0,0.0,1.0,0.0,0.0,1.0,0.0
-0.46967939351199345,-0.5632281059850605,-0.9322896688014106,0.28069138826167456,0.39751587128632765,1.0,0.0,1.0,0.0,1.0,0.0,0.0,0.0,1.0,0.0,1.0,0.0,0.0,0.0,1.0
-0.3929495400264982,-0.5632281059850605,-1.0143538902753246,0.28069138826167456,0.39751587128632765,1.0,0.0,1.0,0.0,1.0,0.0,0.0,0.0,1.0,0.0,1.0,0.0,0.0,0.0,1.0
-0.26103619595345473,-0.5632281059850605,-0.41645741953680804,0.28069138826167456,0.39751587128632765,1.0,0.0,1.0,0.0,1.0,0.0,0.0,0.0,1.0,0.0,1.0,0.0,0.0,1.0,0.0
-0.301803774674031,-0.5632281059850605,-0.5923093226951952,0.28069138826167456,0.39751587128632765,0.0,1.0,1.0,0.0,1.0,0.0,0.0,0.0,1.0,0.0,1.0,0.0,0.0,0.0,1.0
-0.03053661588692643,-0.1573690036244321,0.46280209625512814,0.28069138826167456,0.39751587128632765,0.0,1.0,0.0,1.0,0.0,1.0,0.0,0.0,0.0,1.0,1.0,0.0,0.0,0.0,1.0
0.06277928673583755,-0.5632281059850605,-0.15854129490450675,0.28069138826167456,0.39751587128632765,0.0,1.0,0.0,1.0,0.0,0.0,1.0,0.0,1.0,0.0,1.0,0.0,0.0,1.0,0.0
-0.2114330583466699,-0.5632281059850605,-0.35784011848401226,0.28069138826167456,-2.5156228272448207,1.0,0.0,1.0,0.0,1.0,0.0,0.0,0.0,1.0,0.0,1.0,0.0,0.0,1.0,0.0
-0.1751607639717085,-0.5632281059850605,-0.22888205616786164,0.28069138826167456,-2.5156228272448207,0.0,1.0,0.0,1.0,0.0,0.0,1.0,0.0,1.0,0.0,1.0,0.0,0.0,1.0,0.0
0.07285492406221572,-0.5632281059850605,-0.07647707343059269,0.28069138826167456,0.39751587128632765,0.0,1.0,1.0,0.0,1.0,0.0,0.0,0.0,1.0,0.0,1.0,0.0,1.0,0.0,0.0
-0.5602051196443758,1.2536283354401043,-0.9322896688014106,0.28069138826167456,0.39751587128632765,0.0,1.0,1.0,0.0,1.0,0.0,0.0,0.0,1.0,0.0,1.0,0.0,1.0,0.0,0.0
-0.7021941010437974,0.5212159323295451,-0.4281808797473672,0.28069138826167456,0.39751587128632765,0.0,1.0,0.0,1.0,0.0,1.0,0.0,0.0,1.0,0.0,0.0,1.0,0.0,0.0,1.0
-0.2112780485416487,-0.043972472814566,0.13454521035947198,0.28069138826167456,0.39751587128632765,0.0,1.0,0.0,1.0,0.0,0.0,1.0,0.0,1.0,0.0,1.0,0.0,1.0,0.0,0.0
-0.21654838191236958,-0.5632281059850605,-0.2874993572206574,0.28069138826167456,0.39751587128632765,0.0,1.0,1.0,0.0,1.0,0.0,0.0,0.0,1.0,0.0,1.0,0.0,0.0,1.0,0.0
-0.545014158752298,0.48640750356828877,-0.39301049911568975,0.28069138826167456,0.39751587128632765,0.0,1.0,0.0,1.0,0.0,1.0,0.0,0.0,1.0,0.0,1.0,0.0,0.0,0.0,1.0
-0.36287763785238486,0.36906362516693997,-0.3109462776417757,0.28069138826167456,0.39751587128632765,0.0,1.0,1.0,0.0,1.0,0.0,0.0,0.0,0.0,1.0,1.0,0.0,1.0,0.0,0.0
-0.3774485595243779,-0.5632281059850605,-0.39301049911568975,0.28069138826167456,0.39751587128632765,0.0,1.0,0.0,1.0,0.0,0.0,0.0,1.0,0.0,1.0,1.0,0.0,1.0,0.0,0.0
-0.0821548809589869,0.7526740411028476,1.0489751067830857,0.28069138826167456,0.39751587128632765,0.0,1.0,0.0,1.0,0.0,0.0,1.0,0.0,1.0,0.0,1.0,0.0,0.0,1.0,0.0
-0.1467939696528284,-0.022082636170889316,-0.2171585959573025,0.28069138826167456,0.39751587128632765,0.0,1.0,0.0,1.0,0.0,1.0,0.0,0.0,1.0,0.0,1.0,0.0,1.0,0.0,0.0
-0.3204049512765753,-0.5632281059850605,-0.2874993572206574,0.28069138826167456,0.39751587128632765,1.0,0.0,1.0,0.0,1.0,0.0,0.0,0.0,1.0,0.0,0.0,1.0,0.0,0.0,1.0
0.0303822374864062,1.0856866379115684,1.3068912314153869,0.28069138826167456,0.39751587128632765,0.0,1.0,0.0,1.0,1.0,0.0,0.0,0.0,1.0,0.0,1.0,0.0,0.0,1.0,0.0
0.43449279917668143,-0.5632281059850605,1.5648073560476883,0.28069138826167456,0.39751587128632765,1.0,0.0,1.0,0.0,1.0,0.0,0.0,0.0,1.0,0.0,1.0,0.0,0.0,1.0,0.0
-0.30738412765479434,-0.5632281059850605,-0.7798846860641416,0.28069138826167456,-2.5156228272448207,0.0,1.0,1.0,0.0,0.0,0.0,1.0,0.0,1.0,0.0,1.0,0.0,1.0,0.0,0.0
1.4033040805591976,-0.5632281059850605,0.451078636044569,-2.4867678815472076,0.39751587128632765,0.0,1.0,0.0,1.0,0.0,1.0,0.0,0.0,1.0,0.0,1.0,0.0,1.0,0.0,0.0
-0.01751579226514541,0.9425055752750603,1.4124023733104192,0.28069138826167456,0.39751587128632765,0.0,1.0,0.0,1.0,0.0,0.0,1.0,0.0,1.0,0.0,0.0,1.0,0.0,0.0,1.0
-0.10385625366195528,-0.26538278771864,-0.25232897658897996,0.28069138826167456,0.39751587128632765,0.0,1.0,0.0,1.0,1.0,0.0,0.0,0.0,1.0,0.0,1.0,0.0,0.0,1.0,0.0
-0.037977086527944154,-0.05007291909231196,0.16971559099114944,0.28069138826167456,-2.5156228272448207,0.0,1.0,0.0,1.0,0.0,1.0,0.0,0.0,0.0,1.0,1.0,0.0,0.0,1.0,0.0
1.467788159448018,-0.5632281059850605,1.1193158680464406,0.28069138826167456,-2.5156228272448207,0.0,1.0,1.0,0.0,1.0,0.0,0.0,0.0,1.0,0.0,1.0,0.0,0.0,1.0,0.0
0.044643139548356844,0.2118874210697205,0.43935517583400985,0.28069138826167456,0.39751587128632765,0.0,1.0,0.0,1.0,1.0,0.0,0.0,0.0,1.0,0.0,0.0,1.0,0.0,1.0,0.0
0.18136178757705756,0.06475901084172966,0.9786343455197307,-0.6417950350079528,0.39751587128632765,0.0,1.0,0.0,1.0,0.0,0.0,1.0,0.0,1.0,0.0,1.0,0.0,0.0,1.0,0.0
-0.1467939696528284,-0.5632281059850605,-0.732990845221905,0.28069138826167456,0.39751587128632765,1.0,0.0,0.0,1.0,1.0,0.0,0.0,0.0,1.0,0.0,1.0,0.0,1.0,0.0,0.0
-0.2720418921099601,-0.5632281059850605,-0.4281808797473672,0.28069138826167456,0.39751587128632765,0.0,1.0,0.0,1.0,1.0,0.0,0.0,0.0,1.0,0.0,1.0,0.0,0.0,1.0,0.0
-0.40504030481815195,-0.37088462334554073,-0.9440131290119698,0.28069138826167456,0.39751587128632765,0.0,1.0,0.0,1.0,1.0,0.0,0.0,0.0,0.0,1.0,1.0,0.0,1.0,0.0,0.0
-0.48518037401411374,0.8004010619816837,-0.2171585959573025,-2.4867678815472076,0.39751587128632765,0.0,1.0,0.0,1.0,1.0,0.0,0.0,0.0,0.0,1.0,1.0,0.0,0.0,0.0,1.0
-0.2794823627509778,0.07373025536782667,-0.18198821532562504,0.28069138826167456,0.39751587128632765,0.0,1.0,0.0,1.0,1.0,0.0,0.0,0.0,1.0,0.0,1.0,0.0,0.0,1.0,0.0
0.04510816896342045,-0.5632281059850605,-0.0295832325883561,0.28069138826167456,0.39751587128632765,0.0,1.0,0.0,1.0,1.0,0.0,0.0,0.0,1.0,0.0,1.0,0.0,0.0,0.0,1.0
-0.2114330583466699,-0.5632281059850605,-0.5688624022740769,0.28069138826167456,-2.5156228272448207,0.0,1.0,1.0,0.0,1.0,0.0,0.0,0.0,1.0,0.0,1.0,0.0,0.0,1.0,0.0
-0.2810324608011899,-0.5632281059850605,-0.3109462776417757,0.28069138826167456,0.39751587128632765,0.0,1.0,0.0,1.0,0.0,0.0,1.0,0.0,1.0,0.0,1.0,0.0,0.0,1.0,0.0
-0.15237432263359169,-0.5632281059850605,-0.3695635786945714,0.28069138826167456,0.39751587128632765,1.0,0.0,1.0,0.0,1.0,0.0,0.0,0.0,1.0,0.0,1.0,0.0,0.0,1.0,0.0
-0.0821548809589869,-0.5632281059850605,-0.8736723677486148,0.28069138826167456,-2.5156228272448207,0.0,1.0,0.0,1.0,0.0,0.0,1.0,0.0,1.0,0.0,1.0,0.0,0.0,1.0,0.0
-0.30831418648492154,-0.5632281059850605,-0.4047339593262489,0.28069138826167456,0.39751587128632765,1.0,0.0,1.0,0.0,0.0,1.0,0.0,0.0,1.0,0.0,1.0,0.0,0.0,1.0,0.0
0.19422760139381737,-0.5632281059850605,-0.19371167553618418,0.28069138826167456,0.39751587128632765,0.0,1.0,1.0,0.0,1.0,0.0,0.0,0.0,0.0,1.0,1.0,0.0,0.0,1.0,0.0
-0.4541784130098732,0.12253382558979435,-0.35784011848401226,0.28069138826167456,-2.5156228272448207,0.0,1.0,0.0,1.0,1.0,0.0,0.0,0.0,0.0,1.0,1.0,0.0,0.0,1.0,0.0
-0.526723001759796,0.007701895655752732,-0.5923093226951952,0.28069138826167456,0.39751587128632765,0.0,1.0,0.0,1.0,1.0,0.0,0.0,0.0,1.0,0.0,1.0,0.0,0.0,1.0,0.0
-0.5767911687816445,0.10710328500490751,-0.6626500839585502,0.28069138826167456,0.39751587128632765,0.0,1.0,0.0,1.0,1.0,0.0,0.0,0.0,1.0,0.0,1.0,0.0,0.0,0.0,1.0
-0.4309269422566928,0.09777319069776663,-0.3695635786945714,0.28069138826167456,0.39751587128632765,0.0,1.0,0.0,1.0,0.0,1.0,0.0,0.0,1.0,0.0,1.0,0.0,0.0,1.0,0.0
-0.2811874706062111,-0.5632281059850605,-1.2253761740653892,-2.4867678815472076,0.39751587128632765,0.0,1.0,0.0,1.0,1.0,0.0,0.0,0.0,1.0,0.0,1.0,0.0,1.0,0.0,0.0
0.018446482499773598,-0.5632281059850605,-1.201929253644271,0.28069138826167456,0.39751587128632765,0.0,1.0,0.0,1.0,0.0,1.0,0.0,0.0,1.0,0.0,1.0,0.0,0.0,0.0,1.0
-0.6436003947457828,0.11176833215847795,0.24005635225450433,0.28069138826167456,0.39751587128632765,1.0,0.0,0.0,1.0,0.0,0.0,1.0,0.0,1.0,0.0,1.0,0.0,0.0,0.0,1.0
0.3425719847991083,-0.5632281059850605,-0.2171585959573025,-2.4867678815472076,0.39751587128632765,0.0,1.0,0.0,1.0,0.0,0.0,0.0,1.0,1.0,0.0,1.0,0.0,0.0,0.0,1.0
-0.5141672075530787,-0.5632281059850605,-0.9440131290119698,0.28069138826167456,0.39751587128632765,1.0,0.0,1.0,0.0,1.0,0.0,0.0,0.0,0.0,1.0,1.0,0.0,1.0,0.0,0.0
0.041852963057975194,-0.5632281059850605,-0.1702647551150659,0.28069138826167456,0.39751587128632765,0.0,1.0,1.0,0.0,1.0,0.0,0.0,0.0,0.0,1.0,0.0,1.0,0.0,1.0,0.0
1.8554676818060458,-0.5632281059850605,2.971622581314786,0.28069138826167456,0.39751587128632765,0.0,1.0,0.0,1.0,0.0,0.0,1.0,0.0,1.0,0.0,0.0,1.0,1.0,0.0,0.0
-0.4885905897245802,-0.5632281059850605,-1.1784823332231527,0.28069138826167456,0.39751587128632765,1.0,0.0,1.0,0.0,1.0,0.0,0.0,0.0,1.0,0.0,1.0,0.0,1.0,0.0,0.0
-0.02154604719569668,-0.5632281059850605,-0.19371167553618418,0.28069138826167456,0.39751587128632765,0.0,1.0,0.0,1.0,0.0,0.0,1.0,0.0,1.0,0.0,1.0,0.0,0.0,0.0,1.0
-0.31513461790585445,0.14155286398512,-0.35784011848401226,0.28069138826167456,0.39751587128632765,0.0,1.0,0.0,1.0,1.0,0.0,0.0,0.0,1.0,0.0,1.0,0.0,1.0,0.0,0.0
-0.504556599641764,0.17851439143263964,-0.2171585959573025,0.28069138826167456,0.39751587128632765,0.0,1.0,0.0,1.0,1.0,0.0,0.0,0.0,1.0,0.0,1.0,0.0,0.0,0.0,1.0
-0.45278332476468236,0.6744447888352819,0.21660943183338602,-2.4867678815472076,-2.5156228272448207,0.0,1.0,0.0,1.0,1.0,0.0,0.0,0.0,0.0,1.0,0.0,1.0,1.0,0.0,0.0
-0.28878295105225,-0.03966627544203944,-0.0295832325883561,0.28069138826167456,0.39751587128632765,1.0,0.0,0.0,1.0,1.0,0.0,0.0,0.0,1.0,0.0,1.0,0.0,0.0,1.0,0.0
-0.12013228318918155,-0.5632281059850605,-0.6040327829057545,0.28069138826167456,-2.5156228272448207,0.0,1.0,0.0,1.0,0.0,0.0,0.0,1.0,0.0,1.0,1.0,0.0,0.0,1.0,0.0
-0.5750860609264112,0.07157715668156339,-0.6040327829057545,0.28069138826167456,0.39751587128632765,0.0,1.0,0.0,1.0,1.0,0.0,0.0,0.0,0.0,1.0,1.0,0.0,1.0,0.0,0.0
0.24987612139642912,-0.5632281059850605,-0.099923993851711,0.28069138826167456,0.39751587128632765,1.0,0.0,0.0,1.0,1.0,0.0,0.0,0.0,0.0,1.0,0.0,1.0,1.0,0.0,0.0
0.07285492406221572,-0.5632281059850605,0.685547840255752,-1.5642814582775801,0.39751587128632765,0.0,1.0,0.0,1.0,0.0,0.0,1.0,0.0,1.0,0.0,0.0,1.0,0.0,1.0,0.0
0.08525570846391194,0.3586569815166675,0.41590825541289156,0.28069138826167456,0.39751587128632765,0.0,1.0,0.0,1.0,1.0,0.0,0.0,0.0,1.0,0.0,1.0,0.0,1.0,0.0,0.0
-0.3675279320030209,-0.5632281059850605,-0.5454154818529586,0.28069138826167456,0.39751587128632765,1.0,0.0,1.0,0.0,1.0,0.0,0.0,0.0,1.0,0.0,1.0,0.0,0.0,1.0,0.0
-0.40504030481815195,-0.5632281059850605,-0.732990845221905,0.28069138826167456,0.39751587128632765,1.0,0.0,1.0,0.0,1.0,0.0,0.0,0.0,1.0,0.0,1.0,0.0,0.0,1.0,0.0
-0.1232324792896056,-0.5632281059850605,-0.099923993851711,0.28069138826167456,0.39751587128632765,0.0,1.0,0.0,1.0,1.0,0.0,0.0,0.0,0.0,1.0,0.0,1.0,0.0,0.0,1.0
0.6468562320557291,-0.5632281059850605,-0.4047339593262489,0.28069138826167456,0.39751587128632765,0.0,1.0,0.0,1.0,0.0,0.0,1.0,0.0,1.0,0.0,1.0,0.0,0.0,0.0,1.0
0.04634824740359007,-0.5632281059850605,-0.099923993851711,0.28069138826167456,0.39751587128632765,0.0,1.0,0.0,1.0,1.0,0.0,0.0,0.0,1.0,0.0,1.0,0.0,1.0,0.0,0.0
0.20848850345576803,-0.5632281059850605,0.6269305392029563,0.28069138826167456,0.39751587128632765,0.0,1.0,0.0,1.0,0.0,1.0,0.0,0.0,1.0,0.0,1.0,0.0,0.0,1.0,0.0
-0.23716468598018953,0.33389634662463974,-0.07647707343059269,0.28069138826167456,0.39751587128632765,0.0,1.0,1.0,0.0,1.0,0.0,0.0,0.0,1.0,0.0,1.0,0.0,1.0,0.0,0.0
2.2791094789289925,-0.5632281059850605,3.909499398159518,0.28069138826167456,0.39751587128632765,0.0,1.0,1.0,0.0,1.0,0.0,0.0,0.0,1.0,0.0,1.0,0.0,1.0,0.0,0.0
-0.2630513234187304,-0.5632281059850605,-0.4281808797473672,0.28069138826167456,0.39751587128632765,0.0,1.0,1.0,0.0,1.0,0.0,0.0,0.0,0.0,1.0,1.0,0.0,1.0,0.0,0.0
-0.34939178481554023,-0.3895448119598225,-0.13509437448338846,0.28069138826167456,0.39751587128632765,0.0,1.0,0.0,1.0,0.0,0.0,1.0,0.0,1.0,0.0,1.0,0.0,0.0,1.0,0.0
-0.29916860798867057,-0.5632281059850605,-0.7798846860641416,0.28069138826167456,0.39751587128632765,0.0,1.0,1.0,0.0,1.0,0.0,0.0,0.0,1.0,0.0,1.0,0.0,0.0,0.0,1.0
1.7302197593489141,-0.5632281059850605,-0.4281808797473672,0.28069138826167456,0.39751587128632765,0.0,1.0,0.0,1.0,1.0,0.0,0.0,0.0,1.0,0.0,1.0,0.0,0.0,1.0,0.0
-0.37930867718463235,-0.5632281059850605,1.2717208507837094,0.28069138826167456,0.39751587128632765,1.0,0.0,1.0,0.0,0.0,0.0,0.0,1.0,1.0,0.0,1.0,0.0,1.0,0.0,0.0
0.15656021877366513,-0.5632281059850605,0.685547840255752,0.28069138826167456,0.39751587128632765,0.0,1.0,0.0,1.0,0.0,0.0,1.0,0.0,1.0,0.0,1.0,0.0,0.0,1.0,0.0
-0.5507495215380824,-0.20545487428431203,-1.131588492380916,0.28069138826167456,0.39751587128632765,0.0,1.0,0.0,1.0,1.0,0.0,0.0,0.0,1.0,0.0,1.0,0.0,0.0,1.0,0.0
0.39403524006614754,-0.47710415853452925,1.2482739303625912,0.28069138826167456,0.39751587128632765,0.0,1.0,0.0,1.0,0.0,1.0,0.0,0.0,1.0,0.0,1.0,0.0,0.0,0.0,1.0
-0.19066174447382875,-0.5632281059850605,-0.1233709142728293,0.28069138826167456,-2.5156228272448207,1.0,0.0,1.0,0.0,1.0,0.0,0.0,0.0,1.0,0.0,1.0,0.0,0.0,1.0,0.0
-0.5986475512896341,0.832697542275633,0.6386539994135154,0.28069138826167456,-2.5156228272448207,0.0,1.0,0.0,1.0,1.0,0.0,0.0,0.0,0.0,1.0,1.0,0.0,0.0,1.0,0.0
0.08293056138859389,0.1559068552268752,1.2131035497309137,0.28069138826167456,0.39751587128632765,0.0,1.0,0.0,1.0,0.0,1.0,0.0,0.0,1.0,0.0,1.0,0.0,0.0,1.0,0.0
-0.5781862570268353,-0.12794332157883392,-1.1667588730125935,0.28069138826167456,0.39751587128632765,0.0,1.0,1.0,0.0,1.0,0.0,0.0,0.0,1.0,0.0,1.0,0.0,0.0,0.0,1.0
0.7573782230358465,-0.5632281059850605,0.47452555646568734,0.28069138826167456,-2.5156228272448207,0.0,1.0,1.0,0.0,1.0,0.0,0.0,0.0,1.0,0.0,0.0,1.0,0.0,0.0,1.0
1.4033040805591976,-0.5632281059850605,3.3936671488949153,0.28069138826167456,0.39751587128632765,0.0,1.0,0.0,1.0,1.0,0.0,0.0,0.0,1.0,0.0,1.0,0.0,0.0,1.0,0.0
-0.04340242970368625,-0.31633945662687096,0.1579921307805903,0.28069138826167456,0.39751587128632765,0.0,1.0,0.0,1.0,0.0,1.0,0.0,0.0,1.0,0.0,1.0,0.0,1.0,0.0,0.0
0.06091916907558312,0.1738493442790692,0.7558886015191069,0.28069138826167456,0.39751587128632765,0.0,1.0,0.0,1.0,1.0,0.0,0.0,0.0,1.0,0.0,1.0,0.0,1.0,0.0,0.0
0.2588666900876589,-0.5632281059850605,-0.3109462776417757,0.28069138826167456,0.39751587128632765,1.0,0.0,1.0,0.0,1.0,0.0,0.0,0.0,1.0,0.0,1.0,0.0,1.0,0.0,0.0
-0.15128925399844328,-0.12220172508213185,0.13454521035947198,0.28069138826167456,0.39751587128632765,0.0,1.0,0.0,1.0,0.0,1.0,0.0,0.0,0.0,1.0,1.0,0.0,0.0,0.0,1.0
11.698590300652413,-0.5632281059850605,2.5026841728924203,0.28069138826167456,-2.5156228272448207,0.0,1.0,0.0,1.0,0.0,0.0,0.0,1.0,1.0,0.0,1.0,0.0,1.0,0.0,0.0
-0.1829112542227686,-0.5632281059850605,0.08765136951723539,0.28069138826167456,0.39751587128632765,1.0,0.0,1.0,0.0,1.0,0.0,0.0,0.0,0.0,1.0,1.0,0.0,1.0,0.0,0.0
-0.35543716721136714,-0.5632281059850605,-1.3660576965920992,0.28069138826167456,0.39751587128632765,1.0,0.0,1.0,0.0,1.0,0.0,0.0,0.0,1.0,0.0,1.0,0.0,0.0,0.0,1.0
-0.3199399218615117,-0.12901987092196557,-0.19371167553618418,0.28069138826167456,0.39751587128632765,0.0,1.0,0.0,1.0,0.0,1.0,0.0,0.0,1.0,0.0,0.0,1.0,1.0,0.0,0.0
-0.25235564687226736,0.03461562923404374,-0.4399043399579263,0.28069138826167456,0.39751587128632765,0.0,1.0,1.0,0.0,1.0,0.0,0.0,0.0,0.0,1.0,1.0,0.0,1.0,0.0,0.0
-0.4251915794709083,0.12468692427605764,-0.006136312167237803,0.28069138826167456,-2.5156228272448207,0.0,1.0,0.0,1.0,0.0,1.0,0.0,0.0,1.0,0.0,1.0,0.0,1.0,0.0,0.0
0.13222367938533633,-0.20437832494118038,0.47452555646568734,0.28069138826167456,0.39751587128632765,0.0,1.0,0.0,1.0,0.0,0.0,1.0,0.0,0.0,1.0,0.0,1.0,1.0,0.0,0.0
-0.3664428633678725,-0.5632281059850605,-1.295716935328744,0.28069138826167456,0.39751587128632765,1.0,0.0,0.0,1.0,1.0,0.0,0.0,0.0,1.0,0.0,1.0,0.0,0.0,1.0,0.0
0.08060541431327585,0.9916679952780718,-0.3109462776417757,-2.4867678815472076,0.39751587128632765,0.0,1.0,1.0,0.0,1.0,0.0,0.0,0.0,1.0,0.0,0.0,1.0,0.0,0.0,1.0
-0.4541784130098732,0.33389634662463974,-0.6626500839585502,0.28069138826167456,0.39751587128632765,0.0,1.0,0.0,1.0,0.0,1.0,0.0,0.0,0.0,1.0,1.0,0.0,0.0,1.0,0.0
0.266617180338719,0.034974479015087614,-0.4281808797473672,0.28069138826167456,-2.5156228272448207,0.0,1.0,0.0,1.0,0.0,1.0,0.0,0.0,1.0,0.0,1.0,0.0,0.0,0.0,1.0
-0.22243875450317527,0.6737270892731941,0.052480988885557946,0.28069138826167456,0.39751587128632765,0.0,1.0,1.0,0.0,1.0,0.0,0.0,0.0,1.0,0.0,1.0,0.0,1.0,0.0,0.0
8.96065211456291,-0.5632281059850605,4.026734000265109,-2.4867678815472076,0.39751587128632765,0.0,1.0,0.0,1.0,1.0,0.0,0.0,0.0,1.0,0.0,1.0,0.0,0.0,0.0,1.0
-0.48518037401411374,-0.5632281059850605,-0.8385019871169374,0.28069138826167456,0.39751587128632765,0.0,1.0,0.0,1.0,1.0,0.0,0.0,0.0,1.0,0.0,1.0,0.0,0.0,0.0,1.0
-0.534318482205835,0.5671487043031618,-0.2171585959573025,0.28069138826167456,0.39751587128632765,0.0,1.0,0.0,1.0,1.0,0.0,0.0,0.0,1.0,0.0,1.0,0.0,0.0,1.0,0.0
-0.033171782572286874,-0.5632281059850605,-0.1233709142728293,0.28069138826167456,0.39751587128632765,0.0,1.0,1.0,0.0,1.0,0.0,0.0,0.0,1.0,0.0,1.0,0.0,0.0,0.0,1.0
-0.48595542303921974,-0.5632281059850605,-0.2171585959573025,0.28069138826167456,0.39751587128632765,0.0,1.0,0.0,1.0,0.0,1.0,0.0,0.0,1.0,0.0,0.0,1.0,0.0,1.0,0.0
-0.2875428726120804,-0.4763864589724415,-0.45162780016848547,0.28069138826167456,0.39751587128632765,0.0,1.0,0.0,1.0,0.0,0.0,1.0,0.0,0.0,1.0,1.0,0.0,0.0,1.0,0.0
1.1985361281261893,-0.5632281059850605,-1.2488230944865075,0.28069138826167456,0.39751587128632765,1.0,0.0,1.0,0.0,0.0,1.0,0.0,0.0,1.0,0.0,1.0,0.0,0.0,0.0,1.0
-0.2114330583466699,-0.5632281059850605,-1.201929253644271,0.28069138826167456,0.39751587128632765,1.0,0.0,1.0,0.0,1.0,0.0,0.0,0.0,1.0,0.0,1.0,0.0,0.0,1.0,0.0
-0.44379275607345264,0.019902788211244655,-0.732990845221905,0.28069138826167456,0.39751587128632765,1.0,0.0,1.0,0.0,1.0,0.0,0.0,0.0,1.0,0.0,1.0,0.0,0.0,0.0,1.0
0.07285492406221572,-0.5632281059850605,0.11109828993835369,0.28069138826167456,0.39751587128632765,1.0,0.0,1.0,0.0,1.0,0.0,0.0,0.0,1.0,0.0,1.0,0.0,0.0,0.0,1.0
-0.40318018715789755,0.2739684331903117,-0.08820053364115185,0.28069138826167456,0.39751587128632765,1.0,0.0,0.0,1.0,1.0,0.0,0.0,0.0,1.0,0.0,1.0,0.0,0.0,1.0,0.0
-0.6983188559182674,1.4104456897562798,0.8145059025719026,0.28069138826167456,0.39751587128632765,0.0,1.0,0.0,1.0,1.0,0.0,0.0,0.0,1.0,0.0,1.0,0.0,1.0,0.0,0.0
-0.46967939351199345,-0.5632281059850605,-1.0729711913281204,0.28069138826167456,0.39751587128632765,0.0,1.0,1.0,0.0,1.0,0.0,0.0,0.0,1.0,0.0,1.0,0.0,0.0,1.0,0.0
-0.4904507073848346,0.345020689837,-0.1233709142728293,0.28069138826167456,0.39751587128632765,0.0,1.0,1.0,0.0,1.0,0.0,0.0,0.0,1.0,0.0,1.0,0.0,0.0,1.0,0.0
5.343033284978084,-0.5632281059850605,5.316314623426616,-2.4867678815472076,-2.5156228272448207,0.0,1.0,0.0,1.0,0.0,0.0,0.0,1.0,1.0,0.0,1.0,0.0,0.0,1.0,0.0
-0.4086055303336396,0.4386804826894527,0.09937482972779454,0.28069138826167456,0.39751587128632765,0.0,1.0,0.0,1.0,1.0,0.0,0.0,0.0,0.0,1.0,1.0,0.0,1.0,0.0,0.0
-0.35621221623647314,0.13652896705050568,-0.45162780016848547,0.28069138826167456,0.39751587128632765,0.0,1.0,0.0,1.0,1.0,0.0,0.0,0.0,1.0,0.0,1.0,0.0,1.0,0.0,0.0
0.20027298378964428,-0.5632281059850605,-0.06475361322003355,0.28069138826167456,0.39751587128632765,0.0,1.0,1.0,0.0,1.0,0.0,0.0,0.0,1.0,0.0,0.0,1.0,1.0,0.0,0.0
-0.1822912150026838,-0.5632281059850605,-0.1233709142728293,0.28069138826167456,0.39751587128632765,0.0,1.0,1.0,0.0,0.0,0.0,1.0,0.0,1.0,0.0,1.0,0.0,1.0,0.0,0.0
-0.534318482205835,0.9019555500171018,0.1579921307805903,0.28069138826167456,0.39751587128632765,0.0,1.0,0.0,1.0,1.0,0.0,0.0,0.0,1.0,0.0,0.0,1.0,0.0,1.0,0.0
-0.2577809900480095,-0.5632281059850605,-0.9909069698542063,0.28069138826167456,0.39751587128632765,1.0,0.0,1.0,0.0,0.0,1.0,0.0,0.0,0.0,1.0,0.0,1.0,0.0,1.0,0.0
0.5507501529425834,-0.5632281059850605,0.9551874250986124,0.28069138826167456,0.39751587128632765,0.0,1.0,0.0,1.0,1.0,0.0,0.0,0.0,1.0,0.0,1.0,0.0,0.0,1.0,0.0
-0.39759983417713424,1.4825744957460998,0.09937482972779454,-4.331740728086462,0.39751587128632765,0.0,1.0,1.0,0.0,1.0,0.0,0.0,0.0,1.0,0.0,1.0,0.0,0.0,0.0,1.0
-0.43743735406758333,-0.14445041150685242,-0.5805858624846361,0.28069138826167456,0.39751587128632765,0.0,1.0,0.0,1.0,0.0,0.0,1.0,0.0,1.0,0.0,1.0,0.0,0.0,1.0,0.0
0.2977741511479807,-0.5632281059850605,-0.2171585959573025,0.28069138826167456,0.39751587128632765,1.0,0.0,1.0,0.0,0.0,1.0,0.0,0.0,1.0,0.0,0.0,1.0,0.0,1.0,0.0
1.7261895044183628,-0.5632281059850605,1.5061900549948923,0.28069138826167456,0.39751587128632765,0.0,1.0,0.0,1.0,0.0,0.0,1.0,0.0,1.0,0.0,1.0,0.0,0.0,0.0,1.0
-0.18911164642361672,-0.5632281059850605,-0.19371167553618418,0.28069138826167456,0.39751587128632765,0.0,1.0,0.0,1.0,1.0,0.0,0.0,0.0,1.0,0.0,1.0,0.0,0.0,1.0,0.0
0.07983036528816984,-0.5632281059850605,-0.3695635786945714,0.28069138826167456,-2.5156228272448207,0.0,1.0,1.0,0.0,1.0,0.0,0.0,0.0,0.0,1.0,1.0,0.0,1.0,0.0,0.0
-0.06293366513635777,-0.5632281059850605,-0.2640524367995391,0.28069138826167456,-2.5156228272448207,0.0,1.0,1.0,0.0,1.0,0.0,0.0,0.0,1.0,0.0,1.0,0.0,1.0,0.0,0.0
-0.5699707373607116,0.45590527217955895,-0.38128703890513055,0.28069138826167456,0.39751587128632765,0.0,1.0,1.0,0.0,1.0,0.0,0.0,0.0,1.0,0.0,1.0,0.0,1.0,0.0,0.0
0.5636159667593432,-0.5632281059850605,1.1427627884675589,0.28069138826167456,0.39751587128632765,0.0,1.0,1.0,0.0,1.0,0.0,0.0,0.0,1.0,0.0,1.0,0.0,0.0,0.0,1.0
-0.13175801856577174,0.18569138705351726,-0.2171585959573025,0.28069138826167456,0.39751587128632765,0.0,1.0,1.0,0.0,1.0,0.0,0.0,0.0,1.0,0.0,1.0,0.0,0.0,1.0,0.0
-0.4472029717839191,0.671215140805887,-0.3109462776417757,0.28069138826167456,-2.5156228272448207,1.0,0.0,0.0,1.0,1.0,0.0,0.0,0.0,1.0,0.0,1.0,0.0,0.0,0.0,1.0
0.0658794828362616,1.455301912386765,1.9751284634172583,0.28069138826167456,0.39751587128632765,0.0,1.0,0.0,1.0,0.0,1.0,0.0,0.0,1.0,0.0,1.0,0.0,0.0,0.0,1.0
1.726344514223384,0.24418390136366971,-0.7095439248007868,0.28069138826167456,0.39751587128632765,0.0,1.0,0.0,1.0,0.0,1.0,0.0,0.0,1.0,0.0,0.0,1.0,0.0,1.0,0.0
-0.7927198271761797,14.38896572077029,2.385449570786829,-2.4867678815472076,0.39751587128632765,1.0,0.0,1.0,0.0,0.0,0.0,0.0,1.0,1.0,0.0,1.0,0.0,0.0,0.0,1.0
-0.3895393243160317,-0.32531070115296795,-0.5219685614318403,0.28069138826167456,0.39751587128632765,1.0,0.0,0.0,1.0,1.0,0.0,0.0,0.0,0.0,1.0,1.0,0.0,0.0,1.0,0.0
0.2201142388323582,-0.5632281059850605,0.33384403393897755,-2.4867678815472076,0.39751587128632765,0.0,1.0,1.0,0.0,1.0,0.0,0.0,0.0,1.0,0.0,0.0,1.0,0.0,1.0,0.0
0.43464780898170263,-0.5632281059850605,0.1579921307805903,0.28069138826167456,0.39751587128632765,0.0,1.0,0.0,1.0,1.0,0.0,0.0,0.0,1.0,0.0,1.0,0.0,0.0,1.0,0.0
-0.5011463839312976,-0.017058739236274992,-0.49852164101072205,0.28069138826167456,0.39751587128632765,0.0,1.0,0.0,1.0,1.0,0.0,0.0,0.0,1.0,0.0,1.0,0.0,0.0,0.0,1.0
-0.07564446914809639,0.18425598792934172,0.451078636044569,0.28069138826167456,0.39751587128632765,0.0,1.0,0.0,1.0,0.0,0.0,1.0,0.0,1.0,0.0,1.0,0.0,1.0,0.0,0.0
-0.47680984454296876,0.2739684331903117,0.4041847952023324,0.28069138826167456,-2.5156228272448207,0.0,1.0,0.0,1.0,1.0,0.0,0.0,0.0,0.0,1.0,1.0,0.0,0.0,0.0,1.0
-0.301028725648925,-0.5632281059850605,-0.4281808797473672,0.28069138826167456,-2.5156228272448207,0.0,1.0,1.0,0.0,0.0,0.0,1.0,0.0,1.0,0.0,1.0,0.0,1.0,0.0,0.0
-0.1416786460871287,-0.5632281059850605,-0.1468178346939476,0.28069138826167456,0.39751587128632765,0.0,1.0,0.0,1.0,0.0,0.0,1.0,0.0,1.0,0.0,1.0,0.0,0.0,0.0,1.0
-0.12090733221428757,-0.5632281059850605,-0.6157562431163136,0.28069138826167456,0.39751587128632765,0.0,1.0,1.0,0.0,1.0,0.0,0.0,0.0,1.0,0.0,1.0,0.0,0.0,1.0,0.0
-0.12757275383019928,0.1519595076353925,0.017310608253880495,0.28069138826167456,0.39751587128632765,0.0,1.0,1.0,0.0,0.0,0.0,0.0,1.0,0.0,1.0,1.0,0.0,0.0,1.0,0.0
-0.3662878535628513,-0.5632281059850605,-0.8502254473274965,0.28069138826167456,0.39751587128632765,0.0,1.0,1.0,0.0,1.0,0.0,0.0,0.0,1.0,0.0,1.0,0.0,0.0,0.0,1.0
-0.48518037401411374,0.10530903609968811,-0.49852164101072205,0.28069138826167456,-2.5156228272448207,1.0,0.0,1.0,0.0,1.0,0.0,0.0,0.0,1.0,0.0,1.0,0.0,0.0,0.0,1.0
-0.3898493439260741,0.22193521493894913,0.07592790930667624,0.28069138826167456,0.39751587128632765,0.0,1.0,0.0,1.0,1.0,0.0,0.0,0.0,1.0,0.0,1.0,0.0,1.0,0.0,0.0
-0.27622715684553256,0.0353333287961315,-0.4281808797473672,0.28069138826167456,0.39751587128632765,0.0,1.0,1.0,0.0,1.0,0.0,0.0,0.0,0.0,1.0,1.0,0.0,0.0,1.0,0.0
-0.19050673466880755,-0.5632281059850605,-0.33439319806289397,0.28069138826167456,0.39751587128632765,0.0,1.0,0.0,1.0,1.0,0.0,0.0,0.0,1.0,0.0,1.0,0.0,0.0,0.0,1.0
0.0779702476279154,-0.5632281059850605,0.1579921307805903,0.28069138826167456,0.39751587128632765,0.0,1.0,0.0,1.0,1.0,0.0,0.0,0.0,0.0,1.0,1.0,0.0,0.0,0.0,1.0
-0.31466958849079085,-0.5632281059850605,-0.7681612258535825,-0.6417950350079528,0.39751587128632765,0.0,1.0,1.0,0.0,1.0,0.0,0.0,0.0,1.0,0.0,1.0,0.0,0.0,1.0,0.0
-0.3301705689929111,-0.5632281059850605,-0.6040327829057545,0.28069138826167456,0.39751587128632765,1.0,0.0,1.0,0.0,1.0,0.0,0.0,0.0,0.0,1.0,1.0,0.0,1.0,0.0,0.0
-0.41046564799389407,0.09813204047881051,-0.27577589701009825,2.1256642348009294,0.39751587128632765,0.0,1.0,0.0,1.0,0.0,1.0,0.0,0.0,1.0,0.0,1.0,0.0,0.0,1.0,0.0
0.36752856340752194,0.09454354266837171,0.39246133499177327,0.28069138826167456,0.39751587128632765,0.0,1.0,0.0,1.0,1.0,0.0,0.0,0.0,1.0,0.0,1.0,0.0,1.0,0.0,0.0
0.2433657095855386,-0.5632281059850605,-0.25232897658897996,-4.331740728086462,0.39751587128632765,0.0,1.0,0.0,1.0,0.0,0.0,0.0,1.0,0.0,1.0,0.0,1.0,0.0,0.0,1.0
-0.4878155406994742,0.6331770640152357,0.29867365330730006,0.28069138826167456,0.39751587128632765,0.0,1.0,0.0,1.0,1.0,0.0,0.0,0.0,1.0,0.0,1.0,0.0,0.0,1.0,0.0
-0.3611725299971516,-0.31203325925434444,-0.8971192881697332,0.28069138826167456,0.39751587128632765,0.0,1.0,0.0,1.0,0.0,0.0,1.0,0.0,1.0,0.0,1.0,0.0,0.0,0.0,1.0
-0.17392068553153886,-0.5632281059850605,-0.3109462776417757,0.28069138826167456,0.39751587128632765,1.0,0.0,1.0,0.0,1.0,0.0,0.0,0.0,0.0,1.0,1.0,0.0,0.0,1.0,0.0
-0.3543520985762187,-0.5632281059850605,-0.7798846860641416,0.28069138826167456,0.39751587128632765,1.0,0.0,1.0,0.0,1.0,0.0,0.0,0.0,1.0,0.0,1.0,0.0,0.0,0.0,1.0
-0.3292405101627839,1.0218113768857577,-0.27577589701009825,0.28069138826167456,0.39751587128632765,0.0,1.0,0.0,1.0,1.0,0.0,0.0,0.0,0.0,1.0,1.0,0.0,0.0,1.0,0.0
0.31746039638567347,-0.2007898271307416,0.33384403393897755,0.28069138826167456,0.39751587128632765,0.0,1.0,0.0,1.0,1.0,0.0,0.0,0.0,1.0,0.0,1.0,0.0,0.0,1.0,0.0
-0.14028355784193788,0.4620057184573049,-0.41645741953680804,-5.069729866702164,0.39751587128632765,0.0,1.0,0.0,1.0,1.0,0.0,0.0,0.0,1.0,0.0,1.0,0.0,0.0,0.0,1.0
-0.09285055750544989,-0.5632281059850605,-0.2171585959573025,0.28069138826167456,0.39751587128632765,0.0,1.0,0.0,1.0,0.0,0.0,0.0,1.0,0.0,1.0,1.0,0.0,0.0,1.0,0.0
-0.05642325332546727,-0.5632281059850605,-0.2171585959573025,0.28069138826167456,0.39751587128632765,0.0,1.0,1.0,0.0,1.0,0.0,0.0,0.0,1.0,0.0,0.0,1.0,0.0,1.0,0.0
-0.5781862570268353,0.4896371515976837,-0.6274797033268728,0.28069138826167456,-2.5156228272448207,0.0,1.0,0.0,1.0,1.0,0.0,0.0,0.0,0.0,1.0,1.0,0.0,0.0,0.0,1.0
-0.4541784130098732,0.6927461276685198,-0.3695635786945714,0.28069138826167456,0.39751587128632765,0.0,1.0,0.0,1.0,1.0,0.0,0.0,0.0,1.0,0.0,1.0,0.0,0.0,0.0,1.0
0.8479039491682289,-0.5632281059850605,-0.7447143054324642,0.28069138826167456,0.39751587128632765,0.0,1.0,1.0,0.0,1.0,0.0,0.0,0.0,1.0,0.0,0.0,1.0,0.0,0.0,1.0
-0.12090733221428757,0.2739684331903117,-0.19371167553618418,0.28069138826167456,0.39751587128632765,0.0,1.0,0.0,1.0,1.0,0.0,0.0,0.0,1.0,0.0,1.0,0.0,0.0,0.0,1.0
-0.23840476442035916,-0.5632281059850605,-0.2171585959573025,-2.4867678815472076,0.39751587128632765,0.0,1.0,0.0,1.0,0.0,0.0,0.0,1.0,0.0,1.0,1.0,0.0,0.0,0.0,1.0
-0.4709194719521631,0.2890401239941547,-0.2171585959573025,0.28069138826167456,0.39751587128632765,0.0,1.0,0.0,1.0,0.0,1.0,0.0,0.0,0.0,1.0,1.0,0.0,1.0,0.0,0.0
-0.009610292209064076,-0.19289513194777624,-1.4129515374343358,0.28069138826167456,0.39751587128632765,0.0,1.0,0.0,1.0,0.0,1.0,0.0,0.0,1.0,0.0,1.0,0.0,0.0,1.0,0.0
-0.3131194904405788,-0.5632281059850605,-0.8267785269063782,0.28069138826167456,-2.5156228272448207,1.0,0.0,1.0,0.0,1.0,0.0,0.0,0.0,1.0,0.0,1.0,0.0,0.0,0.0,1.0
-0.4003900106675159,0.03389792967195598,-0.8971192881697332,-2.4867678815472076,-2.5156228272448207,0.0,1.0,0.0,1.0,0.0,0.0,0.0,1.0,0.0,1.0,1.0,0.0,0.0,0.0,1.0
-0.46859432487684505,-0.5632281059850605,-1.0612477311175612,0.28069138826167456,0.39751587128632765,1.0,0.0,1.0,0.0,1.0,0.0,0.0,0.0,1.0,0.0,1.0,0.0,1.0,0.0,0.0
-0.545014158752298,0.1289931216485842,-0.8502254473274965,0.28069138826167456,0.39751587128632765,0.0,1.0,1.0,0.0,1.0,0.0,0.0,0.0,1.0,0.0,1.0,0.0,0.0,0.0,1.0
0.31823544541077947,-0.5632281059850605,0.47452555646568734,0.28069138826167456,0.39751587128632765,0.0,1.0,0.0,1.0,0.0,0.0,1.0,0.0,1.0,0.0,1.0,0.0,0.0,0.0,1.0
-0.29901359818364937,0.007343045874708852,-0.2171585959573025,0.28069138826167456,0.39751587128632765,0.0,1.0,0.0,1.0,0.0,0.0,1.0,0.0,0.0,1.0,1.0,0.0,1.0,0.0,0.0
-0.3762084810842083,-0.09672339062801637,-0.7798846860641416,0.28069138826167456,0.39751587128632765,0.0,1.0,0.0,1.0,1.0,0.0,0.0,0.0,1.0,0.0,1.0,0.0,0.0,0.0,1.0
-0.3275354023075507,0.06475901084172966,0.46280209625512814,0.28069138826167456,0.39751587128632765,0.0,1.0,0.0,1.0,0.0,1.0,0.0,0.0,1.0,0.0,1.0,0.0,0.0,0.0,1.0
-0.29963363740373417,0.21081087172658886,-0.3226697378523348,0.28069138826167456,-2.5156228272448207,0.0,1.0,0.0,1.0,1.0,0.0,0.0,0.0,1.0,0.0,1.0,0.0,1.0,0.0,0.0
0.049448443504014124,-0.5632281059850605,-0.2171585959573025,0.28069138826167456,0.39751587128632765,0.0,1.0,1.0,0.0,1.0,0.0,0.0,0.0,1.0,0.0,1.0,0.0,0.0,0.0,1.0
-0.2824275490463807,0.3586569815166675,0.3103971135178592,0.28069138826167456,0.39751587128632765,0.0,1.0,0.0,1.0,1.0,0.0,0.0,0.0,1.0,0.0,1.0,0.0,0.0,0.0,1.0
0.6928941441470262,-0.5632281059850605,0.7910589821507843,0.28069138826167456,0.39751587128632765,1.0,0.0,1.0,0.0,1.0,0.0,0.0,0.0,1.0,0.0,1.0,0.0,0.0,1.0,0.0
-0.37884364776956875,-0.5632281059850605,-0.3109462776417757,0.28069138826167456,0.39751587128632765,1.0,0.0,1.0,0.0,1.0,0.0,0.0,0.0,1.0,0.0,1.0,0.0,0.0,1.0,0.0
0.6160092808565097,-0.5632281059850605,1.5061900549948923,0.28069138826167456,0.39751587128632765,0.0,1.0,0.0,1.0,0.0,0.0,0.0,1.0,1.0,0.0,1.0,0.0,1.0,0.0,0.0
-0.3286204709426991,-0.5632281059850605,-0.6860970043796685,0.28069138826167456,0.39751587128632765,1.0,0.0,1.0,0.0,1.0,0.0,0.0,0.0,1.0,0.0,1.0,0.0,0.0,0.0,1.0
0.03348243358683025,-0.5632281059850605,1.2717208507837094,0.28069138826167456,0.39751587128632765,0.0,1.0,0.0,1.0,1.0,0.0,0.0,0.0,1.0,0.0,1.0,0.0,0.0,0.0,1.0
-0.5738459824862416,-0.08595789719669997,-0.5454154818529586,0.28069138826167456,-2.5156228272448207,0.0,1.0,0.0,1.0,1.0,0.0,0.0,0.0,1.0,0.0,1.0,0.0,0.0,0.0,1.0
1.4188050610613179,0.1903564342070877,1.8461704011011077,0.28069138826167456,0.39751587128632765,0.0,1.0,0.0,1.0,1.0,0.0,0.0,0.0,1.0,0.0,1.0,0.0,1.0,0.0,0.0
-0.14415880296746794,-0.5632281059850605,-0.8619489075380556,-2.4867678815472076,0.39751587128632765,0.0,1.0,0.0,1.0,1.0,0.0,0.0,0.0,1.0,0.0,1.0,0.0,0.0,1.0,0.0
-0.6558461693424578,-0.1735172437714067,-1.518462679329368,-3.4092543048168347,0.39751587128632765,0.0,1.0,0.0,1.0,0.0,0.0,1.0,0.0,1.0,0.0,1.0,0.0,0.0,0.0,1.0
-0.5423789920669375,0.022414736678551817,-0.39301049911568975,2.1256642348009294,0.39751587128632765,1.0,0.0,0.0,1.0,0.0,0.0,1.0,0.0,1.0,0.0,1.0,0.0,0.0,1.0,0.0
7.166568631247511,-0.5632281059850605,6.488660644482531,-0.6417950350079528,0.39751587128632765,0.0,1.0,0.0,1.0,0.0,0.0,0.0,1.0,1.0,0.0,1.0,0.0,0.0,0.0,1.0
-0.09068042023515305,-0.5632281059850605,-0.2171585959573025,0.28069138826167456,-2.5156228272448207,0.0,1.0,0.0,1.0,0.0,1.0,0.0,0.0,1.0,0.0,1.0,0.0,1.0,0.0,0.0
-0.43557723640732887,-0.5632281059850605,-0.7798846860641416,0.28069138826167456,-2.5156228272448207,1.0,0.0,1.0,0.0,1.0,0.0,0.0,0.0,0.0,1.0,1.0,0.0,0.0,0.0,1.0
-0.27591713723549016,-0.5632281059850605,-0.35784011848401226,0.28069138826167456,0.39751587128632765,0.0,1.0,0.0,1.0,0.0,1.0,0.0,0.0,1.0,0.0,1.0,0.0,0.0,1.0,0.0
0.044798149353378044,1.2310207992343398,-0.3109462776417757,0.28069138826167456,0.39751587128632765,0.0,1.0,0.0,1.0,0.0,0.0,1.0,0.0,1.0,0.0,1.0,0.0,1.0,0.0,0.0
0.8091514979129282,-0.5632281059850605,1.939958082785581,0.28069138826167456,0.39751587128632765,0.0,1.0,0.0,1.0,0.0,1.0,0.0,0.0,1.0,0.0,1.0,0.0,0.0,0.0,1.0
-0.29978864720875537,-0.5632281059850605,-0.5454154818529586,-1.5642814582775801,0.39751587128632765,0.0,1.0,1.0,0.0,0.0,1.0,0.0,0.0,0.0,1.0,1.0,0.0,0.0,0.0,1.0
-0.5536947078334853,0.3109299606378314,-0.18198821532562504,0.28069138826167456,0.39751587128632765,0.0,1.0,0.0,1.0,0.0,1.0,0.0,0.0,0.0,1.0,1.0,0.0,1.0,0.0,0.0
0.822017311729688,-0.5632281059850605,1.0255281863619674,0.28069138826167456,0.39751587128632765,0.0,1.0,0.0,1.0,1.0,0.0,0.0,0.0,1.0,0.0,1.0,0.0,0.0,1.0,0.0
0.027592060996024553,1.455301912386765,0.47452555646568734,0.28069138826167456,0.39751587128632765,0.0,1.0,0.0,1.0,1.0,0.0,0.0,0.0,1.0,0.0,1.0,0.0,0.0,1.0,0.0
0.38287453410462097,-0.5632281059850605,0.6269305392029563,0.28069138826167456,0.39751587128632765,0.0,1.0,0.0,1.0,0.0,0.0,1.0,0.0,1.0,0.0,1.0,0.0,0.0,1.0,0.0
-0.5129271291129089,-0.5632281059850605,-1.0143538902753246,0.28069138826167456,-2.5156228272448207,0.0,1.0,0.0,1.0,1.0,0.0,0.0,0.0,1.0,0.0,1.0,0.0,0.0,0.0,1.0
-0.006510096108640024,-0.5632281059850605,-0.25232897658897996,0.28069138826167456,0.39751587128632765,0.0,1.0,0.0,1.0,1.0,0.0,0.0,0.0,1.0,0.0,1.0,0.0,1.0,0.0,0.0
2.268723821992572,-0.5632281059850605,5.902487633954573,2.1256642348009294,0.39751587128632765,0.0,1.0,1.0,0.0,1.0,0.0,0.0,0.0,1.0,0.0,0.0,1.0,0.0,0.0,1.0
0.9125430378620704,-0.1591632525296515,0.920017044466935,0.28069138826167456,0.39751587128632765,0.0,1.0,0.0,1.0,0.0,0.0,1.0,0.0,1.0,0.0,1.0,0.0,0.0,0.0,1.0
-0.4577436385253609,0.7824585729294897,0.0642044490961171,0.28069138826167456,0.39751587128632765,0.0,1.0,0.0,1.0,1.0,0.0,0.0,0.0,1.0,0.0,0.0,1.0,1.0,0.0,0.0
-0.0046499784483855925,-0.5632281059850605,-0.4867981808001629,0.28069138826167456,-2.5156228272448207,1.0,0.0,0.0,1.0,1.0,0.0,0.0,0.0,1.0,0.0,0.0,1.0,1.0,0.0,0.0
-0.08990537121004703,-0.5632281059850605,-0.25232897658897996,0.28069138826167456,0.39751587128632765,0.0,1.0,1.0,0.0,1.0,0.0,0.0,0.0,1.0,0.0,1.0,0.0,0.0,0.0,1.0
-0.42875680498639596,-0.03966627544203944,-0.4281808797473672,0.28069138826167456,0.39751587128632765,1.0,0.0,1.0,0.0,1.0,0.0,0.0,0.0,1.0,0.0,1.0,0.0,0.0,0.0,1.0
-0.0996709889263828,-0.5632281059850605,-0.15854129490450675,0.28069138826167456,0.39751587128632765,0.0,1.0,0.0,1.0,1.0,0.0,0.0,0.0,0.0,1.0,1.0,0.0,1.0,0.0,0.0
2.2011395470033275,1.326474840992012,4.9646108171098415,0.28069138826167456,0.39751587128632765,0.0,1.0,0.0,1.0,1.0,0.0,0.0,0.0,1.0,0.0,1.0,0.0,1.0,0.0,0.0
1.447171855380198,-0.5632281059850605,-0.8971192881697332,0.28069138826167456,0.39751587128632765,1.0,0.0,0.0,1.0,0.0,0.0,1.0,0.0,1.0,0.0,1.0,0.0,0.0,0.0,1.0
-0.17764092085204772,0.0801895514266165,-0.3461166582734531,0.28069138826167456,0.39751587128632765,0.0,1.0,1.0,0.0,0.0,1.0,0.0,0.0,1.0,0.0,1.0,0.0,0.0,0.0,1.0
-0.3112593727803244,-0.5632281059850605,-0.7681612258535825,-2.4867678815472076,0.39751587128632765,0.0,1.0,0.0,1.0,0.0,0.0,0.0,1.0,0.0,1.0,1.0,0.0,1.0,0.0,0.0
-0.4955660309505343,0.30411181479799765,-0.1233709142728293,0.28069138826167456,0.39751587128632765,0.0,1.0,0.0,1.0,1.0,0.0,0.0,0.0,1.0,0.0,1.0,0.0,0.0,0.0,1.0
-0.4885905897245802,-0.5632281059850605,-1.6122503610138412,0.28069138826167456,0.39751587128632765,1.0,0.0,1.0,0.0,1.0,0.0,0.0,0.0,1.0,0.0,1.0,0.0,0.0,0.0,1.0
-0.5471842960225948,-0.5632281059850605,-0.2171585959573025,0.28069138826167456,0.39751587128632765,0.0,1.0,1.0,0.0,1.0,0.0,0.0,0.0,0.0,1.0,1.0,0.0,0.0,0.0,1.0
-0.3035088825292643,0.913079893229462,0.0642044490961171,0.28069138826167456,-2.5156228272448207,0.0,1.0,0.0,1.0,1.0,0.0,0.0,0.0,0.0,1.0,1.0,0.0,1.0,0.0,0.0
-0.44394776587847384,0.9798259525036238,-0.29922281743121654,0.28069138826167456,0.39751587128632765,0.0,1.0,0.0,1.0,1.0,0.0,0.0,0.0,1.0,0.0,1.0,0.0,1.0,0.0,0.0
1.138702343388005,-0.5632281059850605,3.030239882367582,0.28069138826167456,0.39751587128632765,0.0,1.0,1.0,0.0,1.0,0.0,0.0,0.0,1.0,0.0,1.0,0.0,0.0,1.0,0.0
-0.13129298915070814,0.12396922471396987,0.451078636044569,0.28069138826167456,0.39751587128632765,0.0,1.0,1.0,0.0,1.0,0.0,0.0,0.0,1.0,0.0,1.0,0.0,0.0,1.0,0.0
-0.01751579226514541,-0.5632281059850605,0.2517798124650635,0.28069138826167456,0.39751587128632765,0.0,1.0,1.0,0.0,1.0,0.0,0.0,0.0,1.0,0.0,1.0,0.0,0.0,0.0,1.0
0.3312562690325605,-0.5632281059850605,0.451078636044569,0.28069138826167456,0.39751587128632765,0.0,1.0,0.0,1.0,0.0,0.0,1.0,0.0,0.0,1.0,1.0,0.0,1.0,0.0,0.0
0.08773586534425117,-0.5632281059850605,0.837952822993021,0.28069138826167456,-2.5156228272448207,0.0,1.0,0.0,1.0,1.0,0.0,0.0,0.0,0.0,1.0,1.0,0.0,1.0,0.0,0.0
-0.5616002078895667,0.2854516261837159,-0.3109462776417757,0.28069138826167456,0.39751587128632765,1.0,0.0,1.0,0.0,1.0,0.0,0.0,0.0,0.0,1.0,1.0,0.0,0.0,0.0,1.0
-0.4656491385814422,0.07660105361617771,-0.017859772377796953,0.28069138826167456,0.39751587128632765,0.0,1.0,1.0,0.0,1.0,0.0,0.0,0.0,1.0,0.0,1.0,0.0,1.0,0.0,0.0
0.5887275551727781,-0.5632281059850605,0.4862490166762465,-2.4867678815472076,0.39751587128632765,0.0,1.0,0.0,1.0,1.0,0.0,0.0,0.0,1.0,0.0,1.0,0.0,1.0,0.0,0.0
0.3498574456351048,-0.5632281059850605,1.0958689476253223,0.28069138826167456,0.39751587128632765,0.0,1.0,0.0,1.0,0.0,1.0,0.0,0.0,1.0,0.0,0.0,1.0,0.0,0.0,1.0
-0.38705916743569246,-0.03966627544203944,-0.6040327829057545,0.28069138826167456,0.39751587128632765,0.0,1.0,0.0,1.0,1.0,0.0,0.0,0.0,1.0,0.0,1.0,0.0,0.0,0.0,1.0
-0.5079668153522305,0.16631349887714772,-0.4281808797473672,0.28069138826167456,0.39751587128632765,0.0,1.0,0.0,1.0,1.0,0.0,0.0,0.0,0.0,1.0,1.0,0.0,1.0,0.0,0.0
-0.4723145601973539,0.3216954540691478,-0.6626500839585502,-2.4867678815472076,-2.5156228272448207,0.0,1.0,0.0,1.0,1.0,0.0,0.0,0.0,1.0,0.0,1.0,0.0,1.0,0.0,0.0
0.07285492406221572,-0.5632281059850605,0.1579921307805903,0.28069138826167456,0.39751587128632765,0.0,1.0,0.0,1.0,0.0,1.0,0.0,0.0,1.0,0.0,1.0,0.0,1.0,0.0,0.0
0.11672269888321607,1.021452527104714,0.7324416810979886,0.28069138826167456,-2.5156228272448207,0.0,1.0,1.0,0.0,1.0,0.0,0.0,0.0,1.0,0.0,1.0,0.0,1.0,0.0,0.0
-0.23824975461533796,0.6116460771526029,0.7089947606768703,0.28069138826167456,0.39751587128632765,0.0,1.0,0.0,1.0,1.0,0.0,0.0,0.0,1.0,0.0,1.0,0.0,0.0,1.0,0.0
-0.6336797672244259,-0.5632281059850605,-1.3074403955393035,0.28069138826167456,0.39751587128632765,0.0,1.0,1.0,0.0,1.0,0.0,0.0,0.0,0.0,1.0,1.0,0.0,0.0,0.0,1.0
-0.20802284263620344,-0.5632281059850605,-0.3695635786945714,-2.4867678815472076,0.39751587128632765,0.0,1.0,0.0,1.0,1.0,0.0,0.0,0.0,0.0,1.0,1.0,0.0,0.0,1.0,0.0
-0.29110809812756805,-0.5632281059850605,-0.6040327829057545,0.28069138826167456,0.39751587128632765,1.0,0.0,1.0,0.0,0.0,1.0,0.0,0.0,1.0,0.0,1.0,0.0,0.0,1.0,0.0
-0.4419326384131982,-0.09600569106592861,-0.6157562431163136,0.28069138826167456,0.39751587128632765,0.0,1.0,1.0,0.0,0.0,1.0,0.0,0.0,0.0,1.0,1.0,0.0,0.0,1.0,0.0
0.04417811013329324,0.7523151913218038,1.9282346225750218,0.28069138826167456,0.39751587128632765,0.0,1.0,1.0,0.0,1.0,0.0,0.0,0.0,1.0,0.0,1.0,0.0,1.0,0.0,0.0
-0.3416412945644801,-0.23559825589199795,-0.4867981808001629,-3.9627461587786112,0.39751587128632765,1.0,0.0,0.0,1.0,0.0,1.0,0.0,0.0,1.0,0.0,1.0,0.0,0.0,1.0,0.0
-0.5195925507288207,-0.5632281059850605,-0.9440131290119698,-0.6417950350079528,-2.5156228272448207,0.0,1.0,0.0,1.0,0.0,1.0,0.0,0.0,1.0,0.0,0.0,1.0,1.0,0.0,0.0
0.6670075067084854,0.09454354266837171,0.41590825541289156,-2.4867678815472076,0.39751587128632765,0.0,1.0,0.0,1.0,0.0,1.0,0.0,0.0,1.0,0.0,0.0,1.0,0.0,0.0,1.0
2.1630071349681117,-0.5632281059850605,5.316314623426616,0.28069138826167456,0.39751587128632765,1.0,0.0,0.0,1.0,0.0,1.0,0.0,0.0,1.0,0.0,0.0,1.0,0.0,1.0,0.0
-0.46192890326093333,0.16954314690654265,-0.2406055163784208,0.28069138826167456,0.39751587128632765,0.0,1.0,1.0,0.0,1.0,0.0,0.0,0.0,0.0,1.0,1.0,0.0,1.0,0.0,0.0
-0.38085877523484435,2.3456082191566314,0.6269305392029563,0.28069138826167456,0.39751587128632765,0.0,1.0,0.0,1.0,0.0,0.0,1.0,0.0,1.0,0.0,1.0,0.0,0.0,0.0,1.0
-0.5536947078334853,-0.04074282478517108,-1.0143538902753246,-0.6417950350079528,0.39751587128632765,0.0,1.0,0.0,1.0,0.0,0.0,1.0,0.0,0.0,1.0,1.0,0.0,0.0,0.0,1.0
-0.46967939351199345,1.0874808868167878,0.3455674941495367,0.28069138826167456,0.39751587128632765,0.0,1.0,0.0,1.0,0.0,0.0,1.0,0.0,1.0,0.0,0.0,1.0,1.0,0.0,0.0
-0.43588725601737127,-0.5632281059850605,-0.8971192881697332,0.28069138826167456,0.39751587128632765,0.0,1.0,1.0,0.0,1.0,0.0,0.0,0.0,1.0,0.0,1.0,0.0,0.0,1.0,0.0
-0.6091882180310758,6.613767514892541,1.0841454874147631,0.28069138826167456,0.39751587128632765,0.0,1.0,0.0,1.0,0.0,0.0,1.0,0.0,1.0,0.0,0.0,1.0,0.0,0.0,1.0
-0.5482693646577432,0.019902788211244655,-0.39301049911568975,-2.4867678815472076,0.39751587128632765,0.0,1.0,0.0,1.0,0.0,0.0,1.0,0.0,0.0,1.0,1.0,0.0,0.0,1.0,0.0
-0.49928626627104317,-0.11287163077499097,-0.25232897658897996,0.28069138826167456,-2.5156228272448207,0.0,1.0,0.0,1.0,0.0,0.0,1.0,0.0,0.0,1.0,1.0,0.0,1.0,0.0,0.0
-0.34830671618039183,0.16703119843923547,0.017310608253880495,0.28069138826167456,0.39751587128632765,0.0,1.0,0.0,1.0,0.0,0.0,1.0,0.0,1.0,0.0,1.0,0.0,0.0,0.0,1.0
0.19407259158879617,-0.5632281059850605,-0.2171585959573025,0.28069138826167456,0.39751587128632765,0.0,1.0,1.0,0.0,1.0,0.0,0.0,0.0,1.0,0.0,1.0,0.0,0.0,0.0,1.0
-0.580976433517217,0.23772460530487985,-0.4633512603790446,0.28069138826167456,0.39751587128632765,0.0,1.0,0.0,1.0,0.0,1.0,0.0,0.0,1.0,0.0,1.0,0.0,1.0,0.0,0.0
0.43449279917668143,-0.5632281059850605,1.1662097088886771,0.28069138826167456,0.39751587128632765,0.0,1.0,0.0,1.0,0.0,0.0,1.0,0.0,1.0,0.0,1.0,0.0,0.0,1.0,0.0
-0.418061128439933,-0.5632281059850605,-0.885395827959174,0.28069138826167456,0.39751587128632765,0.0,1.0,1.0,0.0,1.0,0.0,0.0,0.0,1.0,0.0,1.0,0.0,0.0,0.0,1.0
0.7001796049830228,-0.5632281059850605,-0.2171585959573025,-1.5642814582775801,0.39751587128632765,1.0,0.0,0.0,1.0,1.0,0.0,0.0,0.0,1.0,0.0,1.0,0.0,0.0,1.0,0.0
-0.24848040174673733,-0.27614828114995643,-0.4047339593262489,0.28069138826167456,0.39751587128632765,0.0,1.0,0.0,1.0,1.0,0.0,0.0,0.0,1.0,0.0,1.0,0.0,0.0,1.0,0.0
-0.27591713723549016,0.18425598792934172,-0.3109462776417757,0.28069138826167456,0.39751587128632765,1.0,0.0,1.0,0.0,0.0,0.0,1.0,0.0,1.0,0.0,1.0,0.0,0.0,1.0,0.0
1.133277000212263,3.372636292504216,2.3737261105762695,0.28069138826167456,0.39751587128632765,0.0,1.0,0.0,1.0,0.0,1.0,0.0,0.0,1.0,0.0,1.0,0.0,0.0,1.0,0.0
-0.359932451556982,0.5370053226954759,0.29867365330730006,0.28069138826167456,0.39751587128632765,0.0,1.0,0.0,1.0,1.0,0.0,0.0,0.0,1.0,0.0,1.0,0.0,0.0,0.0,1.0
-0.5586550215941638,0.10100283872716155,-1.131588492380916,0.28069138826167456,0.39751587128632765,0.0,1.0,1.0,0.0,1.0,0.0,0.0,0.0,1.0,0.0,1.0,0.0,0.0,1.0,0.0
-0.3259853042573386,-0.5632281059850605,-0.099923993851711,0.28069138826167456,0.39751587128632765,1.0,0.0,1.0,0.0,0.0,0.0,1.0,0.0,1.0,0.0,1.0,0.0,0.0,0.0,1.0
2.372115361941714,1.8292233842344878,3.909499398159518,0.28069138826167456,0.39751587128632765,0.0,1.0,0.0,1.0,1.0,0.0,0.0,0.0,1.0,0.0,1.0,0.0,0.0,0.0,1.0
-0.3431913926146921,0.6927461276685198,-0.6860970043796685,0.28069138826167456,0.39751587128632765,0.0,1.0,0.0,1.0,0.0,0.0,1.0,0.0,1.0,0.0,0.0,1.0,0.0,0.0,1.0
-0.3906243929511801,0.5621248073685474,-0.2171585959573025,0.28069138826167456,-2.5156228272448207,0.0,1.0,0.0,1.0,1.0,0.0,0.0,0.0,0.0,1.0,1.0,0.0,0.0,0.0,1.0
-0.3540420789661763,-0.054737966245882404,-0.099923993851711,0.28069138826167456,0.39751587128632765,0.0,1.0,0.0,1.0,1.0,0.0,0.0,0.0,1.0,0.0,1.0,0.0,0.0,1.0,0.0
-0.41186073623908487,0.10853868412908303,-0.1702647551150659,0.28069138826167456,-2.5156228272448207,0.0,1.0,0.0,1.0,0.0,0.0,1.0,0.0,1.0,0.0,1.0,0.0,0.0,1.0,0.0
-0.23623462715006233,-0.015623340112099473,0.2517798124650635,0.28069138826167456,0.39751587128632765,0.0,1.0,0.0,1.0,0.0,0.0,1.0,0.0,1.0,0.0,1.0,0.0,0.0,0.0,1.0
-0.24522519584129207,0.0586585645639837,0.029034068464439646,0.28069138826167456,-2.5156228272448207,0.0,1.0,0.0,1.0,1.0,0.0,0.0,0.0,1.0,0.0,1.0,0.0,1.0,0.0,0.0
-0.4568135796952337,0.28293967771640877,-0.3109462776417757,0.28069138826167456,0.39751587128632765,0.0,1.0,0.0,1.0,1.0,0.0,0.0,0.0,0.0,1.0,1.0,0.0,0.0,0.0,1.0
-0.4729345994174387,-0.5632281059850605,-1.0260773504858838,0.28069138826167456,0.39751587128632765,0.0,1.0,1.0,0.0,1.0,0.0,0.0,0.0,1.0,0.0,1.0,0.0,0.0,0.0,1.0
-0.0940906359456195,-0.5632281059850605,0.2283328920439452,0.28069138826167456,-2.5156228272448207,0.0,1.0,1.0,0.0,0.0,0.0,1.0,0.0,1.0,0.0,1.0,0.0,0.0,1.0,0.0
-0.5764811491716021,0.03461562923404374,-1.0846946515386795,0.28069138826167456,0.39751587128632765,1.0,0.0,1.0,0.0,1.0,0.0,0.0,0.0,1.0,0.0,1.0,0.0,0.0,0.0,1.0
-0.10308120463684926,1.454943062605721,0.7207182208874294,0.28069138826167456,0.39751587128632765,0.0,1.0,0.0,1.0,0.0,0.0,1.0,0.0,1.0,0.0,1.0,0.0,0.0,1.0,0.0
-0.3303255787979323,0.025285534926902855,-0.41645741953680804,-2.4867678815472076,0.39751587128632765,0.0,1.0,0.0,1.0,0.0,1.0,0.0,0.0,0.0,1.0,1.0,0.0,0.0,0.0,1.0
-0.3662878535628513,0.25602594413811774,0.08765136951723539,0.28069138826167456,0.39751587128632765,1.0,0.0,0.0,1.0,1.0,0.0,0.0,0.0,1.0,0.0,1.0,0.0,0.0,1.0,0.0
-0.040922272823347004,0.07337140558678279,0.47452555646568734,0.28069138826167456,0.39751587128632765,0.0,1.0,0.0,1.0,0.0,0.0,0.0,1.0,1.0,0.0,0.0,1.0,0.0,1.0,0.0
-0.44472281490357984,1.9849641892075318,1.5530838958371291,-2.4867678815472076,0.39751587128632765,0.0,1.0,0.0,1.0,0.0,1.0,0.0,0.0,0.0,1.0,1.0,0.0,0.0,1.0,0.0
-0.36427272609757566,-0.5632281059850605,-0.885395827959174,0.28069138826167456,-2.5156228272448207,1.0,0.0,1.0,0.0,1.0,0.0,0.0,0.0,1.0,0.0,1.0,0.0,0.0,0.0,1.0
-0.37868863796454755,0.2298299101219145,-0.1233709142728293,0.28069138826167456,-2.5156228272448207,0.0,1.0,0.0,1.0,1.0,0.0,0.0,0.0,1.0,0.0,1.0,0.0,0.0,1.0,0.0
-0.4301518932315868,-0.5632281059850605,-0.9557365892225289,-0.6417950350079528,0.39751587128632765,0.0,1.0,1.0,0.0,1.0,0.0,0.0,0.0,0.0,1.0,1.0,0.0,1.0,0.0,0.0
-0.4955660309505343,-0.019211837922538274,-0.6040327829057545,0.28069138826167456,0.39751587128632765,0.0,1.0,0.0,1.0,1.0,0.0,0.0,0.0,0.0,1.0,1.0,0.0,0.0,0.0,1.0
-0.2590210684881791,-0.5632281059850605,-0.5923093226951952,0.28069138826167456,0.39751587128632765,0.0,1.0,0.0,1.0,0.0,0.0,1.0,0.0,1.0,0.0,1.0,0.0,0.0,1.0,0.0
-0.23716468598018953,0.25315514588976673,-0.0295832325883561,0.28069138826167456,0.39751587128632765,1.0,0.0,1.0,0.0,1.0,0.0,0.0,0.0,1.0,0.0,1.0,0.0,0.0,1.0,0.0
-0.2873878628070592,0.9801848022846676,0.29867365330730006,0.28069138826167456,0.39751587128632765,0.0,1.0,1.0,0.0,1.0,0.0,0.0,0.0,1.0,0.0,1.0,0.0,1.0,0.0,0.0
1.6617054255295425,-0.5632281059850605,0.533142857518483,0.28069138826167456,-2.5156228272448207,0.0,1.0,1.0,0.0,1.0,0.0,0.0,0.0,1.0,0.0,0.0,1.0,0.0,0.0,1.0
-0.09843091048621318,-0.5632281059850605,-0.5219685614318403,0.28069138826167456,0.39751587128632765,0.0,1.0,1.0,0.0,1.0,0.0,0.0,0.0,1.0,0.0,1.0,0.0,0.0,1.0,0.0
-0.3766735104992719,-0.060838412523628364,-0.39301049911568975,0.28069138826167456,0.39751587128632765,0.0,1.0,0.0,1.0,0.0,0.0,1.0,0.0,1.0,0.0,1.0,0.0,0.0,0.0,1.0
-0.8246518470105475,0.4835367053199377,-0.5688624022740769,0.28069138826167456,0.39751587128632765,1.0,0.0,0.0,1.0,0.0,0.0,1.0,0.0,0.0,1.0,1.0,0.0,0.0,1.0,0.0
-0.5845416590327046,0.7074589686913189,-0.18198821532562504,0.28069138826167456,0.39751587128632765,0.0,1.0,0.0,1.0,1.0,0.0,0.0,0.0,1.0,0.0,1.0,0.0,0.0,1.0,0.0
0.24104056251022057,-0.5632281059850605,-0.732990845221905,0.28069138826167456,0.39751587128632765,0.0,1.0,1.0,0.0,1.0,0.0,0.0,0.0,1.0,0.0,0.0,1.0,0.0,1.0,0.0
-0.5750860609264112,0.05363466762936938,-0.5454154818529586,0.28069138826167456,0.39751587128632765,0.0,1.0,0.0,1.0,1.0,0.0,0.0,0.0,1.0,0.0,1.0,0.0,0.0,0.0,1.0
-0.19360693076923158,-0.5632281059850605,-0.5454154818529586,0.28069138826167456,0.39751587128632765,0.0,1.0,0.0,1.0,0.0,0.0,0.0,1.0,1.0,0.0,1.0,0.0,0.0,0.0,1.0
-0.34055622592933166,0.2140405197559838,-0.19371167553618418,0.28069138826167456,0.39751587128632765,0.0,1.0,0.0,1.0,0.0,0.0,0.0,1.0,0.0,1.0,0.0,1.0,0.0,1.0,0.0
-0.3176147747861937,-0.5632281059850605,0.09937482972779454,-4.700735297394313,0.39751587128632765,1.0,0.0,1.0,0.0,0.0,1.0,0.0,0.0,1.0,0.0,1.0,0.0,0.0,1.0,0.0
-0.056268243520446064,0.5732491505809078,0.6269305392029563,0.28069138826167456,0.39751587128632765,0.0,1.0,0.0,1.0,0.0,0.0,0.0,1.0,1.0,0.0,1.0,0.0,0.0,1.0,0.0
1.7043331219103732,-0.19935442800656608,0.040757528674998794,0.28069138826167456,0.39751587128632765,0.0,1.0,0.0,1.0,0.0,0.0,1.0,0.0,1.0,0.0,0.0,1.0,1.0,0.0,0.0
-0.3366809808038016,-0.5632281059850605,-0.7798846860641416,-4.700735297394313,0.39751587128632765,0.0,1.0,1.0,0.0,1.0,0.0,0.0,0.0,0.0,1.0,1.0,0.0,0.0,1.0,0.0
-0.2590210684881791,0.6209761714597438,-0.0530301530094744,-2.4867678815472076,0.39751587128632765,0.0,1.0,0.0,1.0,1.0,0.0,0.0,0.0,1.0,0.0,1.0,0.0,1.0,0.0,0.0
-0.0821548809589869,0.3486091876474388,0.052480988885557946,2.1256642348009294,0.39751587128632765,1.0,0.0,1.0,0.0,1.0,0.0,0.0,0.0,1.0,0.0,1.0,0.0,1.0,0.0,0.0
-0.42798175596128996,-0.009881743615397391,0.5096959370973647,0.28069138826167456,0.39751587128632765,0.0,1.0,1.0,0.0,0.0,1.0,0.0,0.0,0.0,1.0,0.0,1.0,0.0,1.0,0.0
-0.4541784130098732,0.05291696806728162,-0.5571389420635178,-0.6417950350079528,0.39751587128632765,1.0,0.0,1.0,0.0,1.0,0.0,0.0,0.0,1.0,0.0,0.0,1.0,0.0,1.0,0.0
-0.26630652932417564,-0.5632281059850605,-0.4047339593262489,0.28069138826167456,0.39751587128632765,1.0,0.0,1.0,0.0,0.0,1.0,0.0,0.0,1.0,0.0,1.0,0.0,1.0,0.0,0.0
-0.521297658584054,0.29801136852025173,-0.3695635786945714,0.28069138826167456,0.39751587128632765,0.0,1.0,0.0,1.0,1.0,0.0,0.0,0.0,0.0,1.0,1.0,0.0,0.0,0.0,1.0
-0.3199399218615117,0.6669089434333604,0.040757528674998794,0.28069138826167456,0.39751587128632765,0.0,1.0,0.0,1.0,0.0,0.0,0.0,1.0,1.0,0.0,1.0,0.0,1.0,0.0,0.0
0.07285492406221572,-0.5632281059850605,-0.06475361322003355,0.28069138826167456,0.39751587128632765,0.0,1.0,1.0,0.0,1.0,0.0,0.0,0.0,1.0,0.0,1.0,0.0,0.0,0.0,1.0
-0.27591713723549016,-0.5632281059850605,-0.39301049911568975,2.1256642348009294,0.39751587128632765,0.0,1.0,1.0,0.0,1.0,0.0,0.0,0.0,1.0,0.0,1.0,0.0,0.0,0.0,1.0
-0.052548008199937206,-0.5632281059850605,-0.1702647551150659,0.28069138826167456,0.39751587128632765,1.0,0.0,1.0,0.0,0.0,1.0,0.0,0.0,0.0,1.0,1.0,0.0,0.0,1.0,0.0
-0.38147881445492915,-0.5632281059850605,-0.885395827959174,2.1256642348009294,0.39751587128632765,0.0,1.0,1.0,0.0,1.0,0.0,0.0,0.0,1.0,0.0,1.0,0.0,0.0,0.0,1.0
-0.4468929521738767,0.006266496531577212,0.3103971135178592,0.28069138826167456,0.39751587128632765,0.0,1.0,0.0,1.0,0.0,0.0,0.0,1.0,0.0,1.0,1.0,0.0,1.0,0.0,0.0
-0.31466958849079085,0.034974479015087614,-0.38128703890513055,0.28069138826167456,0.39751587128632765,0.0,1.0,0.0,1.0,1.0,0.0,0.0,0.0,1.0,0.0,1.0,0.0,0.0,1.0,0.0
0.3301712003974121,-0.5632281059850605,-0.49852164101072205,0.28069138826167456,-2.5156228272448207,0.0,1.0,0.0,1.0,1.0,0.0,0.0,0.0,0.0,1.0,1.0,0.0,0.0,0.0,1.0
-0.5101369526225273,0.34250874136969284,-0.2171585959573025,0.28069138826167456,0.39751587128632765,0.0,1.0,0.0,1.0,0.0,1.0,0.0,0.0,0.0,1.0,1.0,0.0,0.0,0.0,1.0
-0.44394776587847384,0.18425598792934172,-0.6040327829057545,0.28069138826167456,0.39751587128632765,0.0,1.0,0.0,1.0,0.0,0.0,0.0,1.0,1.0,0.0,1.0,0.0,1.0,0.0,0.0
-0.18384131305289583,-0.2991146671367647,-0.6978204645902276,0.28069138826167456,0.39751587128632765,0.0,1.0,0.0,1.0,1.0,0.0,0.0,0.0,0.0,1.0,0.0,1.0,0.0,1.0,0.0
-0.14942913633818886,-0.5632281059850605,-0.5454154818529586,0.28069138826167456,0.39751587128632765,0.0,1.0,0.0,1.0,0.0,0.0,1.0,0.0,1.0,0.0,1.0,0.0,0.0,0.0,1.0
-0.3664428633678725,0.5079384904309215,-0.1702647551150659,0.28069138826167456,0.39751587128632765,1.0,0.0,1.0,0.0,1.0,0.0,0.0,0.0,1.0,0.0,1.0,0.0,1.0,0.0,0.0
-0.1467939696528284,-0.5632281059850605,-0.4047339593262489,0.28069138826167456,0.39751587128632765,1.0,0.0,0.0,1.0,1.0,0.0,0.0,0.0,1.0,0.0,1.0,0.0,1.0,0.0,0.0
0.02557693353074892,0.9320989316247877,0.33384403393897755,0.28069138826167456,0.39751587128632765,0.0,1.0,0.0,1.0,1.0,0.0,0.0,0.0,1.0,0.0,1.0,0.0,0.0,1.0,0.0
-0.5378837077213227,0.22947106034087061,-0.1468178346939476,0.28069138826167456,0.39751587128632765,0.0,1.0,1.0,0.0,1.0,0.0,0.0,0.0,1.0,0.0,1.0,0.0,0.0,1.0,0.0
-0.0641737435765274,-0.042537073690390476,0.21660943183338602,0.28069138826167456,-2.5156228272448207,0.0,1.0,0.0,1.0,1.0,0.0,0.0,0.0,1.0,0.0,1.0,0.0,0.0,0.0,1.0
0.13485884607069676,-0.5632281059850605,0.6269305392029563,0.28069138826167456,0.39751587128632765,0.0,1.0,1.0,0.0,1.0,0.0,0.0,0.0,1.0,0.0,0.0,1.0,1.0,0.0,0.0
-0.325520274842275,-0.11466587968021037,-0.2171585959573025,0.28069138826167456,-2.5156228272448207,0.0,1.0,0.0,1.0,0.0,0.0,0.0,1.0,1.0,0.0,1.0,0.0,0.0,1.0,0.0
0.7724141741229031,0.8183435510338778,0.1579921307805903,-2.4867678815472076,-2.5156228272448207,0.0,1.0,0.0,1.0,0.0,1.0,0.0,0.0,1.0,0.0,0.0,1.0,0.0,0.0,1.0
-0.18554642090812906,0.3163127073534896,-0.4281808797473672,0.28069138826167456,0.39751587128632765,0.0,1.0,0.0,1.0,1.0,0.0,0.0,0.0,1.0,0.0,1.0,0.0,0.0,0.0,1.0
-0.32102499049666017,-0.5632281059850605,-1.424674997644895,-3.4092543048168347,0.39751587128632765,0.0,1.0,0.0,1.0,1.0,0.0,0.0,0.0,1.0,0.0,0.0,1.0,0.0,1.0,0.0
-0.39883991261730384,-0.5632281059850605,-0.7681612258535825,0.28069138826167456,0.39751587128632765,0.0,1.0,0.0,1.0,0.0,0.0,1.0,0.0,1.0,0.0,1.0,0.0,0.0,1.0,0.0
-0.2656864901040908,-0.2926553710779749,0.1579921307805903,0.28069138826167456,0.39751587128632765,0.0,1.0,0.0,1.0,1.0,0.0,0.0,0.0,1.0,0.0,1.0,0.0,0.0,0.0,1.0
0.4796006524378514,-0.5632281059850605,0.040757528674998794,0.28069138826167456,0.39751587128632765,1.0,0.0,1.0,0.0,0.0,1.0,0.0,0.0,1.0,0.0,0.0,1.0,0.0,1.0,0.0
0.5932228395183929,-0.5632281059850605,1.705488878574398,0.28069138826167456,0.39751587128632765,0.0,1.0,1.0,0.0,0.0,0.0,0.0,1.0,1.0,0.0,0.0,1.0,0.0,1.0,0.0
-0.19329691115918918,0.5133212371465797,0.29867365330730006,-3.9627461587786112,0.39751587128632765,0.0,1.0,0.0,1.0,0.0,1.0,0.0,0.0,1.0,0.0,1.0,0.0,1.0,0.0,0.0
-0.3276904121125719,0.4472928774345058,-0.39301049911568975,0.28069138826167456,0.39751587128632765,1.0,0.0,0.0,1.0,1.0,0.0,0.0,0.0,1.0,0.0,1.0,0.0,0.0,1.0,0.0
-0.26041615673336993,-0.21047877121892636,-0.5454154818529586,0.28069138826167456,0.39751587128632765,0.0,1.0,0.0,1.0,0.0,0.0,0.0,1.0,0.0,1.0,1.0,0.0,0.0,1.0,0.0
-0.38767920665577726,-0.5632281059850605,-0.5571389420635178,0.28069138826167456,0.39751587128632765,0.0,1.0,0.0,1.0,0.0,0.0,0.0,1.0,1.0,0.0,1.0,0.0,0.0,0.0,1.0
0.43449279917668143,0.5732491505809078,0.21660943183338602,0.28069138826167456,0.39751587128632765,0.0,1.0,0.0,1.0,0.0,0.0,1.0,0.0,1.0,0.0,1.0,0.0,1.0,0.0,0.0
-0.2123631171767971,-0.5632281059850605,-0.885395827959174,0.28069138826167456,0.39751587128632765,1.0,0.0,1.0,0.0,1.0,0.0,0.0,0.0,1.0,0.0,1.0,0.0,0.0,1.0,0.0
-0.4791349916182868,0.6328182142341918,-0.20543513574674335,0.28069138826167456,0.39751587128632765,0.0,1.0,0.0,1.0,1.0,0.0,0.0,0.0,1.0,0.0,1.0,0.0,1.0,0.0,0.0
2.3463837343081946,-0.5632281059850605,-0.2171585959573025,0.28069138826167456,0.39751587128632765,0.0,1.0,0.0,1.0,1.0,0.0,0.0,0.0,1.0,0.0,1.0,0.0,1.0,0.0,0.0
-0.3611725299971516,0.24561930048784522,-0.2406055163784208,-2.4867678815472076,-2.5156228272448207,0.0,1.0,1.0,0.0,1.0,0.0,0.0,0.0,0.0,1.0,1.0,0.0,0.0,0.0,1.0
-0.20213247004539772,-0.1900243336994252,-0.4281808797473672,0.28069138826167456,0.39751587128632765,0.0,1.0,0.0,1.0,0.0,0.0,1.0,0.0,0.0,1.0,1.0,0.0,0.0,0.0,1.0
-0.22073364664794204,-0.5632281059850605,-1.2488230944865075,-2.4867678815472076,0.39751587128632765,0.0,1.0,0.0,1.0,0.0,0.0,0.0,1.0,1.0,0.0,1.0,0.0,1.0,0.0,0.0
-0.46812929546178145,0.14837100982495371,-0.07647707343059269,-2.4867678815472076,0.39751587128632765,0.0,1.0,0.0,1.0,0.0,1.0,0.0,0.0,0.0,1.0,1.0,0.0,0.0,0.0,1.0
-0.46967939351199345,-0.5632281059850605,-0.5923093226951952,2.1256642348009294,0.39751587128632765,0.0,1.0,1.0,0.0,1.0,0.0,0.0,0.0,1.0,0.0,1.0,0.0,0.0,1.0,0.0
-0.3301705689929111,0.33389634662463974,0.3103971135178592,0.28069138826167456,0.39751587128632765,0.0,1.0,0.0,1.0,0.0,1.0,0.0,0.0,1.0,0.0,1.0,0.0,0.0,1.0,0.0
-0.4568135796952337,0.1957391809227459,-0.3109462776417757,0.28069138826167456,0.39751587128632765,0.0,1.0,0.0,1.0,1.0,0.0,0.0,0.0,1.0,0.0,1.0,0.0,0.0,0.0,1.0
-0.28506271573174113,-0.5632281059850605,-0.4281808797473672,0.28069138826167456,0.39751587128632765,0.0,1.0,1.0,0.0,1.0,0.0,0.0,0.0,0.0,1.0,1.0,0.0,1.0,0.0,0.0
0.7561381445956769,-0.5632281059850605,1.318614691625946,0.28069138826167456,0.39751587128632765,1.0,0.0,1.0,0.0,1.0,0.0,0.0,0.0,1.0,0.0,1.0,0.0,0.0,0.0,1.0
0.06370934556596476,0.9554241673926399,1.7523827194166346,0.28069138826167456,0.39751587128632765,0.0,1.0,1.0,0.0,1.0,0.0,0.0,0.0,1.0,0.0,1.0,0.0,0.0,1.0,0.0
-0.2810324608011899,0.48640750356828877,0.052480988885557946,0.28069138826167456,0.39751587128632765,0.0,1.0,0.0,1.0,0.0,1.0,0.0,0.0,1.0,0.0,1.0,0.0,0.0,1.0,0.0
-0.22166370547806927,-0.5632281059850605,-0.2640524367995391,0.28069138826167456,0.39751587128632765,1.0,0.0,0.0,1.0,1.0,0.0,0.0,0.0,0.0,1.0,1.0,0.0,1.0,0.0,0.0
-0.5361785998660894,-0.2926553710779749,-0.6157562431163136,2.1256642348009294,0.39751587128632765,0.0,1.0,0.0,1.0,0.0,0.0,0.0,1.0,0.0,1.0,1.0,0.0,0.0,1.0,0.0
2.832494482854686,-0.5632281059850605,2.6199187749980117,0.28069138826167456,0.39751587128632765,0.0,1.0,0.0,1.0,0.0,0.0,0.0,1.0,1.0,0.0,1.0,0.0,1.0,0.0,0.0
-0.12741774402517808,-0.0655034596771988,0.040757528674998794,0.28069138826167456,0.39751587128632765,0.0,1.0,0.0,1.0,0.0,0.0,1.0,0.0,1.0,0.0,1.0,0.0,0.0,1.0,0.0
-0.4797550308383716,-0.5632281059850605,-0.8385019871169374,0.28069138826167456,0.39751587128632765,0.0,1.0,1.0,0.0,1.0,0.0,0.0,0.0,1.0,0.0,1.0,0.0,0.0,0.0,1.0
0.02681701197091854,-0.5632281059850605,-0.19371167553618418,0.28069138826167456,0.39751587128632765,0.0,1.0,0.0,1.0,0.0,0.0,0.0,1.0,0.0,1.0,0.0,1.0,1.0,0.0,0.0
-0.27405701957523576,0.03461562923404374,-0.13509437448338846,0.28069138826167456,0.39751587128632765,1.0,0.0,1.0,0.0,1.0,0.0,0.0,0.0,1.0,0.0,1.0,0.0,1.0,0.0,0.0
0.170976130640637,-0.5632281059850605,-0.2171585959573025,0.28069138826167456,-2.5156228272448207,0.0,1.0,0.0,1.0,0.0,0.0,1.0,0.0,1.0,0.0,0.0,1.0,1.0,0.0,0.0
-0.5657854726251391,-0.5632281059850605,-1.0026304300647655,0.28069138826167456,0.39751587128632765,0.0,1.0,0.0,1.0,0.0,1.0,0.0,0.0,1.0,0.0,1.0,0.0,1.0,0.0,0.0
-0.2580910096580519,0.025285534926902855,-0.2171585959573025,0.28069138826167456,0.39751587128632765,0.0,1.0,1.0,0.0,1.0,0.0,0.0,0.0,1.0,0.0,1.0,0.0,1.0,0.0,0.0
1.9585492021451456,-0.5632281059850605,-0.25232897658897996,0.28069138826167456,0.39751587128632765,1.0,0.0,1.0,0.0,1.0,0.0,0.0,0.0,0.0,1.0,0.0,1.0,0.0,0.0,1.0
-0.4084505205286184,-0.5632281059850605,-0.6040327829057545,0.28069138826167456,0.39751587128632765,0.0,1.0,0.0,1.0,0.0,1.0,0.0,0.0,1.0,0.0,0.0,1.0,0.0,1.0,0.0
-0.4255015990809507,0.16021305259940177,-0.4281808797473672,0.28069138826167456,0.39751587128632765,0.0,1.0,0.0,1.0,1.0,0.0,0.0,0.0,1.0,0.0,1.0,0.0,1.0,0.0,0.0
-0.3301705689929111,0.33389634662463974,-0.27577589701009825,0.28069138826167456,-2.5156228272448207,0.0,1.0,0.0,1.0,0.0,0.0,0.0,1.0,1.0,0.0,1.0,0.0,1.0,0.0,0.0
-0.40349020676793995,0.2998056174254711,-0.41645741953680804,0.28069138826167456,0.39751587128632765,0.0,1.0,1.0,0.0,1.0,0.0,0.0,0.0,0.0,1.0,1.0,0.0,0.0,1.0,0.0
-0.2830475882664655,0.1544714561026997,-0.3109462776417757,0.28069138826167456,0.39751587128632765,0.0,1.0,0.0,1.0,1.0,0.0,0.0,0.0,1.0,0.0,1.0,0.0,1.0,0.0,0.0
-0.25654091160783987,-0.5632281059850605,-0.9322896688014106,0.28069138826167456,0.39751587128632765,0.0,1.0,0.0,1.0,0.0,1.0,0.0,0.0,1.0,0.0,1.0,0.0,0.0,0.0,1.0
-0.27591713723549016,-0.5632281059850605,-0.5454154818529586,0.28069138826167456,0.39751587128632765,0.0,1.0,1.0,0.0,1.0,0.0,0.0,0.0,1.0,0.0,1.0,0.0,0.0,0.0,1.0
0.1671008855151069,-0.5632281059850605,-0.11164745406227014,-2.4867678815472076,0.39751587128632765,0.0,1.0,0.0,1.0,0.0,1.0,0.0,0.0,0.0,1.0,1.0,0.0,0.0,0.0,1.0
-0.5270330213698384,1.828864534453444,-0.8971192881697332,-2.4867678815472076,0.39751587128632765,0.0,1.0,0.0,1.0,1.0,0.0,0.0,0.0,1.0,0.0,1.0,0.0,0.0,1.0,0.0
-0.34055622592933166,-0.5632281059850605,-0.8971192881697332,0.28069138826167456,0.39751587128632765,0.0,1.0,1.0,0.0,1.0,0.0,0.0,0.0,1.0,0.0,1.0,0.0,0.0,0.0,1.0
0.6246898299376971,-0.5632281059850605,0.5214193973079239,0.28069138826167456,0.39751587128632765,0.0,1.0,0.0,1.0,1.0,0.0,0.0,0.0,1.0,0.0,0.0,1.0,0.0,1.0,0.0
0.5637709765643645,-0.5632281059850605,0.451078636044569,0.28069138826167456,0.39751587128632765,0.0,1.0,1.0,0.0,0.0,0.0,0.0,1.0,1.0,0.0,1.0,0.0,1.0,0.0,0.0
0.09223114968986605,0.019902788211244655,0.47452555646568734,2.1256642348009294,0.39751587128632765,0.0,1.0,0.0,1.0,0.0,0.0,1.0,0.0,0.0,1.0,1.0,0.0,0.0,1.0,0.0
-0.40938057935874567,-0.5632281059850605,-1.1902057934337118,-2.4867678815472076,-2.5156228272448207,0.0,1.0,0.0,1.0,0.0,0.0,1.0,0.0,0.0,1.0,1.0,0.0,0.0,0.0,1.0
0.00031033531229289187,1.104705676306894,0.18143905120170858,0.28069138826167456,0.39751587128632765,0.0,1.0,1.0,0.0,0.0,0.0,1.0,0.0,1.0,0.0,1.0,0.0,1.0,0.0,0.0
-0.3653577947327241,-0.5632281059850605,-0.8502254473274965,0.28069138826167456,0.39751587128632765,0.0,1.0,0.0,1.0,0.0,0.0,0.0,1.0,0.0,1.0,1.0,0.0,0.0,1.0,0.0
0.6928941441470262,0.03461562923404374,0.920017044466935,0.28069138826167456,0.39751587128632765,1.0,0.0,1.0,0.0,1.0,0.0,0.0,0.0,1.0,0.0,1.0,0.0,1.0,0.0,0.0
-0.20151243082531292,-0.5632281059850605,-0.4047339593262489,0.28069138826167456,0.39751587128632765,1.0,0.0,1.0,0.0,1.0,0.0,0.0,0.0,1.0,0.0,1.0,0.0,0.0,1.0,0.0
-0.05347806703006442,-0.5632281059850605,0.09937482972779454,0.28069138826167456,0.39751587128632765,0.0,1.0,0.0,1.0,0.0,0.0,1.0,0.0,1.0,0.0,1.0,0.0,0.0,1.0,0.0
-0.5141672075530787,-0.15952210231069539,-0.2171585959573025,0.28069138826167456,0.39751587128632765,0.0,1.0,0.0,1.0,1.0,0.0,0.0,0.0,1.0,0.0,1.0,0.0,0.0,0.0,1.0
-0.23902480364044396,-0.5632281059850605,-1.131588492380916,-1.5642814582775801,0.39751587128632765,0.0,1.0,0.0,1.0,0.0,1.0,0.0,0.0,1.0,0.0,1.0,0.0,0.0,0.0,1.0
-0.3676829418080421,0.5323402755419054,-0.6743735441691093,0.28069138826167456,0.39751587128632765,0.0,1.0,1.0,0.0,1.0,0.0,0.0,0.0,1.0,0.0,1.0,0.0,1.0,0.0,0.0
-0.42813676576631116,0.13652896705050568,0.09937482972779454,0.28069138826167456,0.39751587128632765,0.0,1.0,0.0,1.0,1.0,0.0,0.0,0.0,1.0,0.0,1.0,0.0,1.0,0.0,0.0
1.449341992650495,-0.5632281059850605,-0.5923093226951952,0.28069138826167456,0.39751587128632765,0.0,1.0,0.0,1.0,1.0,0.0,0.0,0.0,1.0,0.0,1.0,0.0,0.0,1.0,0.0
-0.25003049979694936,-0.5632281059850605,-0.2640524367995391,0.28069138826167456,0.39751587128632765,0.0,1.0,0.0,1.0,0.0,0.0,1.0,0.0,0.0,1.0,1.0,0.0,0.0,1.0,0.0
0.10633704194679548,-0.5632281059850605,-0.15854129490450675,0.28069138826167456,0.39751587128632765,0.0,1.0,1.0,0.0,1.0,0.0,0.0,0.0,0.0,1.0,1.0,0.0,1.0,0.0,0.0
-0.0821548809589869,-0.5632281059850605,-0.5102451012212812,0.28069138826167456,-2.5156228272448207,1.0,0.0,1.0,0.0,1.0,0.0,0.0,0.0,1.0,0.0,1.0,0.0,0.0,1.0,0.0
-0.6983188559182674,0.431862336849619,-0.4047339593262489,0.28069138826167456,0.39751587128632765,0.0,1.0,0.0,1.0,1.0,0.0,0.0,0.0,1.0,0.0,1.0,0.0,1.0,0.0,0.0
-0.36396270648753326,0.4835367053199377,0.16971559099114944,0.28069138826167456,0.39751587128632765,0.0,1.0,1.0,0.0,1.0,0.0,0.0,0.0,1.0,0.0,1.0,0.0,0.0,0.0,1.0
0.3724888771682004,-0.5632281059850605,1.5061900549948923,0.28069138826167456,0.39751587128632765,0.0,1.0,0.0,1.0,1.0,0.0,0.0,0.0,1.0,0.0,1.0,0.0,0.0,0.0,1.0
-0.4022501283277703,-0.5632281059850605,-0.5688624022740769,0.28069138826167456,0.39751587128632765,0.0,1.0,1.0,0.0,1.0,0.0,0.0,0.0,1.0,0.0,1.0,0.0,0.0,1.0,0.0
-0.5583450019841214,0.026720934051078376,-0.5454154818529586,0.28069138826167456,0.39751587128632765,1.0,0.0,0.0,1.0,1.0,0.0,0.0,0.0,0.0,1.0,1.0,0.0,0.0,1.0,0.0
1.6415541508767861,-0.5632281059850605,1.3303381518365052,0.28069138826167456,0.39751587128632765,0.0,1.0,0.0,1.0,1.0,0.0,0.0,0.0,1.0,0.0,0.0,1.0,0.0,0.0,1.0
-0.04340242970368625,-0.5632281059850605,-0.6157562431163136,0.28069138826167456,0.39751587128632765,0.0,1.0,0.0,1.0,0.0,0.0,0.0,1.0,1.0,0.0,1.0,0.0,0.0,0.0,1.0
-0.37279826537374183,0.3636808784512818,0.27522673288618177,0.28069138826167456,0.39751587128632765,0.0,1.0,0.0,1.0,0.0,1.0,0.0,0.0,1.0,0.0,1.0,0.0,0.0,1.0,0.0
-0.38054875562480195,0.3037529650169538,-0.08820053364115185,0.28069138826167456,0.39751587128632765,0.0,1.0,0.0,1.0,1.0,0.0,0.0,0.0,1.0,0.0,1.0,0.0,1.0,0.0,0.0
-0.52594795273469,2.6592429277889824,-0.11164745406227014,0.28069138826167456,-2.5156228272448207,1.0,0.0,1.0,0.0,1.0,0.0,0.0,0.0,1.0,0.0,1.0,0.0,0.0,1.0,0.0
0.4861110642487419,1.224920352956594,2.6902595362613666,0.28069138826167456,-2.5156228272448207,0.0,1.0,0.0,1.0,0.0,1.0,0.0,0.0,1.0,0.0,0.0,1.0,1.0,0.0,0.0
0.11160737531751637,1.4657085560370373,0.4862490166762465,-2.4867678815472076,0.39751587128632765,0.0,1.0,0.0,1.0,0.0,0.0,1.0,0.0,1.0,0.0,1.0,0.0,0.0,1.0,0.0
-0.3273803925025295,-0.5632281059850605,-0.22888205616786164,0.28069138826167456,0.39751587128632765,0.0,1.0,1.0,0.0,1.0,0.0,0.0,0.0,1.0,0.0,1.0,0.0,0.0,1.0,0.0
-0.3355959121686532,0.12468692427605764,-0.4047339593262489,0.28069138826167456,-2.5156228272448207,0.0,1.0,0.0,1.0,0.0,0.0,1.0,0.0,0.0,1.0,1.0,0.0,1.0,0.0,0.0
-0.0821548809589869,-0.5632281059850605,-0.1702647551150659,0.28069138826167456,0.39751587128632765,1.0,0.0,1.0,0.0,1.0,0.0,0.0,0.0,1.0,0.0,1.0,0.0,1.0,0.0,0.0
0.49913188787052293,1.2295854001101643,-0.19371167553618418,0.28069138826167456,0.39751587128632765,0.0,1.0,0.0,1.0,0.0,0.0,0.0,1.0,1.0,0.0,1.0,0.0,1.0,0.0,0.0
0.6212796142272307,-0.5632281059850605,0.47452555646568734,0.28069138826167456,0.39751587128632765,0.0,1.0,0.0,1.0,0.0,1.0,0.0,0.0,1.0,0.0,1.0,0.0,0.0,0.0,1.0
-0.3681479712231057,0.07516565449200219,-0.07647707343059269,0.28069138826167456,0.39751587128632765,0.0,1.0,0.0,1.0,0.0,1.0,0.0,0.0,1.0,0.0,1.0,0.0,0.0,1.0,0.0
-0.41155071662904247,0.06475901084172966,-0.4867981808001629,0.28069138826167456,0.39751587128632765,0.0,1.0,0.0,1.0,1.0,0.0,0.0,0.0,0.0,1.0,1.0,0.0,0.0,1.0,0.0
-0.418061128439933,0.10315593741342483,-0.2406055163784208,0.28069138826167456,0.39751587128632765,0.0,1.0,1.0,0.0,1.0,0.0,0.0,0.0,1.0,0.0,1.0,0.0,1.0,0.0,0.0
-0.18415133266293823,-0.4954054973677671,-0.2640524367995391,0.28069138826167456,0.39751587128632765,0.0,1.0,0.0,1.0,0.0,0.0,0.0,1.0,1.0,0.0,1.0,0.0,0.0,1.0,0.0
-0.2114330583466699,0.6457368063517716,0.6386539994135154,0.28069138826167456,0.39751587128632765,0.0,1.0,0.0,1.0,0.0,1.0,0.0,0.0,1.0,0.0,1.0,0.0,0.0,0.0,1.0
0.13485884607069676,2.03843280658307,0.39246133499177327,0.28069138826167456,-2.5156228272448207,0.0,1.0,0.0,1.0,0.0,1.0,0.0,0.0,1.0,0.0,1.0,0.0,0.0,0.0,1.0
-0.19066174447382875,0.159495353037314,0.5565897779396014,0.28069138826167456,0.39751587128632765,0.0,1.0,0.0,1.0,1.0,0.0,0.0,0.0,0.0,1.0,1.0,0.0,1.0,0.0,0.0
1.8187303580160208,-0.5632281059850605,0.920017044466935,0.28069138826167456,0.39751587128632765,1.0,0.0,1.0,0.0,1.0,0.0,0.0,0.0,0.0,1.0,0.0,1.0,0.0,1.0,0.0
-0.5005263447112128,-0.2094739962099708,-0.8033316064852599,-2.4867678815472076,0.39751587128632765,0.0,1.0,0.0,1.0,0.0,0.0,1.0,0.0,1.0,0.0,1.0,0.0,0.0,0.0,1.0
-0.5684206393104996,-0.1896654839183813,-0.5688624022740769,0.28069138826167456,0.39751587128632765,0.0,1.0,0.0,1.0,1.0,0.0,0.0,0.0,0.0,1.0,1.0,0.0,0.0,1.0,0.0
-0.13609829310636543,-0.5632281059850605,-0.4281808797473672,0.28069138826167456,0.39751587128632765,0.0,1.0,0.0,1.0,0.0,0.0,1.0,0.0,0.0,1.0,1.0,0.0,1.0,0.0,0.0
0.15035982657281705,-0.5632281059850605,-0.4867981808001629,0.28069138826167456,-2.5156228272448207,0.0,1.0,1.0,0.0,1.0,0.0,0.0,0.0,1.0,0.0,1.0,0.0,1.0,0.0,0.0
-0.13609829310636543,0.7225306594951618,-0.2171585959573025,0.28069138826167456,0.39751587128632765,0.0,1.0,0.0,1.0,1.0,0.0,0.0,0.0,1.0,0.0,1.0,0.0,0.0,1.0,0.0
0.5067273683165618,-0.5632281059850605,1.3068912314153869,0.28069138826167456,-2.5156228272448207,0.0,1.0,0.0,1.0,0.0,0.0,1.0,0.0,1.0,0.0,1.0,0.0,0.0,0.0,1.0
0.4293774756109818,-0.5632281059850605,0.0642044490961171,-0.6417950350079528,-2.5156228272448207,0.0,1.0,0.0,1.0,0.0,1.0,0.0,0.0,1.0,0.0,1.0,0.0,0.0,1.0,0.0
-0.34985681423060383,0.08987849551480127,-0.7681612258535825,0.28069138826167456,0.39751587128632765,0.0,1.0,0.0,1.0,0.0,0.0,1.0,0.0,0.0,1.0,1.0,0.0,0.0,0.0,1.0
-0.4710744817571843,0.1738493442790692,-0.49852164101072205,0.28069138826167456,0.39751587128632765,0.0,1.0,0.0,1.0,0.0,1.0,0.0,0.0,1.0,0.0,1.0,0.0,0.0,1.0,0.0
-0.07440439070792677,-0.5632281059850605,-0.33439319806289397,0.28069138826167456,0.39751587128632765,0.0,1.0,1.0,0.0,1.0,0.0,0.0,0.0,1.0,0.0,1.0,0.0,0.0,1.0,0.0
-0.46967939351199345,6.613767514892541,-0.5102451012212812,0.28069138826167456,0.39751587128632765,0.0,1.0,1.0,0.0,1.0,0.0,0.0,0.0,1.0,0.0,1.0,0.0,0.0,1.0,0.0
-0.3841139811402896,-0.193612831509864,-0.5454154818529586,0.28069138826167456,0.39751587128632765,0.0,1.0,0.0,1.0,0.0,1.0,0.0,0.0,1.0,0.0,1.0,0.0,0.0,0.0,1.0
0.1244731891342762,1.081380440539042,1.318614691625946,0.28069138826167456,0.39751587128632765,0.0,1.0,0.0,1.0,1.0,0.0,0.0,0.0,1.0,0.0,1.0,0.0,0.0,1.0,0.0
0.11160737531751637,-0.09672339062801637,-0.45162780016848547,0.28069138826167456,0.39751587128632765,0.0,1.0,0.0,1.0,0.0,0.0,1.0,0.0,1.0,0.0,0.0,1.0,1.0,0.0,0.0
-0.37930867718463235,0.21475821931807154,-0.2406055163784208,0.28069138826167456,0.39751587128632765,0.0,1.0,0.0,1.0,0.0,0.0,1.0,0.0,0.0,1.0,1.0,0.0,0.0,0.0,1.0
-0.3368359906088228,0.46272341801939265,-0.0295832325883561,0.28069138826167456,0.39751587128632765,0.0,1.0,0.0,1.0,0.0,0.0,1.0,0.0,0.0,1.0,1.0,0.0,0.0,0.0,1.0
-0.10649142034731572,0.802554160667947,0.052480988885557946,0.28069138826167456,0.39751587128632765,0.0,1.0,1.0,0.0,1.0,0.0,0.0,0.0,1.0,0.0,1.0,0.0,0.0,1.0,0.0
-0.206162724975949,-0.05007291909231196,-0.20543513574674335,0.28069138826167456,0.39751587128632765,0.0,1.0,0.0,1.0,0.0,0.0,1.0,0.0,0.0,1.0,1.0,0.0,1.0,0.0,0.0
-0.1467939696528284,0.18425598792934172,0.1579921307805903,0.28069138826167456,0.39751587128632765,0.0,1.0,0.0,1.0,0.0,0.0,1.0,0.0,1.0,0.0,0.0,1.0,0.0,1.0,0.0
-0.3952746871018162,0.18425598792934172,-0.3109462776417757,0.28069138826167456,0.39751587128632765,0.0,1.0,1.0,0.0,1.0,0.0,0.0,0.0,1.0,0.0,1.0,0.0,1.0,0.0,0.0
-0.28490770592671993,-0.5632281059850605,-0.6274797033268728,0.28069138826167456,0.39751587128632765,1.0,0.0,1.0,0.0,1.0,0.0,0.0,0.0,1.0,0.0,1.0,0.0,1.0,0.0,0.0
0.37481402424351845,2.008289424975384,3.909499398159518,0.28069138826167456,0.39751587128632765,0.0,1.0,0.0,1.0,0.0,0.0,1.0,0.0,1.0,0.0,0.0,1.0,1.0,0.0,0.0
-0.24631026447644047,0.2750449825334434,-0.1468178346939476,0.28069138826167456,0.39751587128632765,0.0,1.0,0.0,1.0,1.0,0.0,0.0,0.0,1.0,0.0,1.0,0.0,0.0,1.0,0.0
-0.1298979009055173,-0.5632281059850605,-0.47507472058960376,0.28069138826167456,0.39751587128632765,0.0,1.0,1.0,0.0,0.0,1.0,0.0,0.0,1.0,0.0,0.0,1.0,1.0,0.0,0.0
-0.2294141957291294,1.3393934331095916,-0.099923993851711,0.28069138826167456,0.39751587128632765,0.0,1.0,0.0,1.0,0.0,1.0,0.0,0.0,0.0,1.0,1.0,0.0,1.0,0.0,0.0
-0.11966725377411794,-0.5632281059850605,0.13454521035947198,2.1256642348009294,0.39751587128632765,0.0,1.0,0.0,1.0,1.0,0.0,0.0,0.0,1.0,0.0,1.0,0.0,0.0,1.0,0.0
-0.16477510703528792,-0.5632281059850605,-0.3109462776417757,0.28069138826167456,0.39751587128632765,0.0,1.0,0.0,1.0,1.0,0.0,0.0,0.0,0.0,1.0,1.0,0.0,1.0,0.0,0.0
0.587952506147672,2.2619962201734074,2.737153377103603,-0.6417950350079528,0.39751587128632765,0.0,1.0,0.0,1.0,0.0,0.0,1.0,0.0,1.0,0.0,0.0,1.0,1.0,0.0,0.0
-0.3921744910013922,0.03461562923404374,-0.5454154818529586,2.1256642348009294,-2.5156228272448207,0.0,1.0,0.0,1.0,1.0,0.0,0.0,0.0,0.0,1.0,1.0,0.0,0.0,0.0,1.0
-0.39868490281228264,0.4774362590421917,-0.18198821532562504,0.28069138826167456,0.39751587128632765,0.0,1.0,0.0,1.0,1.0,0.0,0.0,0.0,1.0,0.0,1.0,0.0,0.0,1.0,0.0
0.1125374341476436,-0.5632281059850605,0.1579921307805903,0.28069138826167456,0.39751587128632765,0.0,1.0,0.0,1.0,1.0,0.0,0.0,0.0,1.0,0.0,1.0,0.0,0.0,0.0,1.0
4.389257954682624,-0.5632281059850605,1.3303381518365052,0.28069138826167456,0.39751587128632765,0.0,1.0,0.0,1.0,0.0,1.0,0.0,0.0,1.0,0.0,1.0,0.0,0.0,1.0,0.0
0.8866564004235294,-0.5632281059850605,0.5800366983607197,0.28069138826167456,0.39751587128632765,0.0,1.0,1.0,0.0,0.0,1.0,0.0,0.0,1.0,0.0,1.0,0.0,0.0,1.0,0.0
-0.12509259694986002,-0.5632281059850605,-0.7681612258535825,0.28069138826167456,0.39751587128632765,1.0,0.0,1.0,0.0,0.0,1.0,0.0,0.0,1.0,0.0,1.0,0.0,0.0,1.0,0.0
0.2537513665219592,-0.5632281059850605,-0.2171585959573025,0.28069138826167456,0.39751587128632765,0.0,1.0,1.0,0.0,1.0,0.0,0.0,0.0,1.0,0.0,0.0,1.0,0.0,0.0,1.0
-0.13392815583606857,-0.5632281059850605,-0.13509437448338846,0.28069138826167456,0.39751587128632765,1.0,0.0,0.0,1.0,0.0,1.0,0.0,0.0,1.0,0.0,1.0,0.0,0.0,0.0,1.0
-0.30862420609496394,-0.06945080726868148,-1.0729711913281204,0.28069138826167456,0.39751587128632765,0.0,1.0,0.0,1.0,1.0,0.0,0.0,0.0,1.0,0.0,1.0,0.0,1.0,0.0,0.0
-0.5140121977480574,-0.061556112085716125,-0.7212673850113459,0.28069138826167456,0.39751587128632765,0.0,1.0,0.0,1.0,0.0,1.0,0.0,0.0,1.0,0.0,1.0,0.0,0.0,0.0,1.0
-0.39666977534700704,0.4383216329084088,-0.0295832325883561,0.28069138826167456,0.39751587128632765,0.0,1.0,1.0,0.0,1.0,0.0,0.0,0.0,1.0,0.0,1.0,0.0,0.0,1.0,0.0
-0.45030316788434316,1.67958302553919,0.47452555646568734,0.28069138826167456,0.39751587128632765,0.0,1.0,0.0,1.0,1.0,0.0,0.0,0.0,1.0,0.0,1.0,0.0,1.0,0.0,0.0
-0.4233314618106539,0.24526045070680133,-0.2874993572206574,0.28069138826167456,0.39751587128632765,0.0,1.0,0.0,1.0,1.0,0.0,0.0,0.0,1.0,0.0,1.0,0.0,0.0,1.0,0.0
-0.4721595503923327,0.26284408997795145,-0.11164745406227014,0.28069138826167456,0.39751587128632765,1.0,0.0,0.0,1.0,1.0,0.0,0.0,0.0,1.0,0.0,1.0,0.0,0.0,1.0,0.0
-0.4816151484986261,-0.382008966557901,-0.19371167553618418,0.28069138826167456,0.39751587128632765,1.0,0.0,0.0,1.0,1.0,0.0,0.0,0.0,1.0,0.0,1.0,0.0,0.0,1.0,0.0
